tess_id,signal_id,period,prim_width_pf,tess_label
185259483,1,0.3105640362990626,0.1266051897031619,1
307990280,1,2.3159117476611897,0.30486399182087,1
387178621,1,8.1871258480283,0.0707378713192844,1
300560295,1,20.58877598478316,0.0040856688953579,0
318185328,1,0.3683054714640708,0.0984287386071183,1
363326796,1,11.395620562486451,0.0177616525783128,0
31273263,1,22.57295834712373,0.0120032882829225,0
279955276,1,0.5768496837023034,0.1011174509723853,1
144167463,1,2.146637774798234,0.2270655038204854,1
364325969,1,0.41989452564998,0.1141366396586334,1
302038263,1,1.5472602953632697,0.0860436742685227,1
176983267,1,0.4180924173339656,0.229434243686682,1
308751185,1,1.361620481758849,0.2110495231249342,1
341550561,1,1.1057182762118467,0.34403065084148,1
140757590,1,0.4184041174122967,0.1536211704588724,1
177118376,1,0.4112903730929035,0.1817602631132467,1
388179896,1,0.3098493338667326,0.0860770249213151,1
177308817,1,23.89605186284361,0.0100166825312014,0
142013583,1,0.3220010546164251,0.2399873636572989,1
31415131,1,0.7896026118034877,0.1156391885186221,1
146530594,1,27.087945262387727,0.0133497837330206,0
167719897,1,0.5133214592668003,0.2426324605520894,1
391906858,1,1.1471896839503424,0.2590387225180299,1
349642881,1,1.4735082828612611,0.0544036583785705,0
150101472,1,3.2785241555933933,0.0445720787664386,0
22221233,1,1.862344655100368,0.1166401961834068,1
93997745,1,1.124485046789904,0.2695951289490411,1
177258700,1,0.687964691057839,0.1185334147873744,1
189639080,1,3.133776217614628,0.0181837960668601,0
382069441,1,5.47866390554757,0.0847510658974659,1
349518145,1,8.27987472829318,0.0151575748147996,0
289801742,1,1.389627454121257,0.1174419988806928,1
106309554,1,1.1031609173645542,0.1502250332930341,1
468997317,1,3.75005349613292,0.0572586493183312,0
321312438,1,1.1847683408815877,0.086088901825419,1
450276745,1,1.2664780247239824,0.1172649517175149,1
135244338,1,0.6149767005536696,0.2507716673079629,1
181226974,1,1.93537811561322,0.0547758551866192,1
5981829,1,1.7990760070221383,0.1046802439493972,1
293081694,1,1.256101862521848,0.0404353776418833,1
167722431,1,0.5411686720498436,0.1774326314324591,1
167692491,1,0.4208574514900555,0.2708750235992039,1
294206967,1,2.758057469975108,0.0698018934971073,0
228760807,1,0.7779783657063973,0.0906201917443778,1
295885511,1,5.054756626042444,0.0553993882026564,0
38586438,1,1.1112852952467152,0.0419312591156714,0
398850090,1,13.181334191009276,0.0160248393624004,0
73177813,1,8.816018840908123,0.0704354636204635,1
30313682,1,5.727367397661838,0.0482758451434824,0
364302118,1,1.3453456263470305,0.0722921027919775,1
272357134,1,4.196949177463679,0.0528334564003646,0
318986273,1,3.1070197056555786,0.0892171259753209,1
261677352,1,1.1467471517313264,0.1863984541217008,1
355151781,1,1.5807271624491424,0.2685642390381779,1
276935987,1,4.250727202623738,0.1087662920069663,1
349480507,1,1.5620192380244968,0.0636211078427653,1
72121778,1,6.01177878105236,0.020919093012174,0
390549095,1,1.8695386744970888,0.1274798682068958,1
300443831,1,0.8474457196248042,0.1733364849383843,1
167338355,1,0.2883618665663066,0.1174578385536689,1
294784522,1,0.4956178674791301,0.1462744214814824,1
149473467,1,1.094885676665847,0.1222990137493587,1
278822321,1,0.639132714152842,0.1874849091927786,1
229889119,1,0.8875196817026809,0.0877098613338791,1
434515577,1,0.3166313276677385,0.1763412941479154,1
149976187,1,0.8968787973319602,0.1255768502115408,1
294092960,1,0.9022574627499684,0.0591571665500636,1
149629043,1,2.1881104626945818,0.0590860058610582,0
93000166,1,2.8570926487046404,0.0444499190267015,0
167891342,1,0.6335889267659544,0.0965199314050022,1
451960523,1,2.446120078572299,0.0804454608904516,1
135050395,1,6.75998772413221,0.0129149443407646,0
167123437,1,0.7671510391521091,0.0866429480035847,1
458859193,1,1.1499139689089397,0.1524541128139187,1
391643922,1,17.796914192232567,0.0235924320602571,0
151826930,1,2.69527510452013,0.0689273275959839,0
141606986,1,0.3438410600120637,0.1040834992916813,1
260161144,1,2.2341666119625487,0.0543836709451021,0
355152640,1,22.11895969659816,0.0256041822354723,0
22390773,1,11.305119462266283,0.015341027720614,0
279569718,1,3.979403682498837,0.0471734160798108,0
454013359,1,5.1476859678222855,0.0392061840088467,0
176937887,1,0.6574973756414273,0.0900626624831667,1
349832824,1,1.0407308933414785,0.087401997716996,1
294261093,1,2.6583151679355,0.1026845792401325,1
391927558,1,0.5429778188018185,0.1543905516407036,1
350518984,1,23.91657581550514,0.0066262938563931,0
293109489,1,1.2650516600842403,0.1538301773290995,0
350478924,1,0.4370845963889233,0.1080232486120199,1
423530755,1,4.684306875494079,0.0191507374863402,0
294273900,1,0.4722802821463517,0.1415123990897179,1
309659126,1,0.248270115150487,0.0948706350698347,1
157175641,1,0.3702376695831755,0.1198716326059156,1
302043038,1,16.721203124430538,0.0192844074377689,0
320855910,1,2.7546792707796555,0.0711534645199409,0
278988794,1,7.592355236530743,0.0196555370871844,0
378885645,1,4.226176928086087,0.0864962061948648,1
103777040,1,0.4732209748724831,0.2415441018845576,1
150361911,1,2.493852320702283,0.058758807514442,0
280738935,1,1.5132066885483275,0.0910077665598778,1
294092966,1,0.9022623616987434,0.0559139169485659,1
466323338,1,21.33895107510072,0.0110280033760974,0
372909935,1,3.611118398672664,0.0203124545206878,0
382266319,1,0.3442883440425044,0.1137736637986811,1
408512382,1,4.031711828579192,0.0358259209432993,0
231093356,1,3.4703403838324065,0.0496449004192102,0
380127556,1,0.4510886848061569,0.2065795591694552,1
32000625,1,0.7017512268293299,0.0932458459673469,1
162305237,1,0.337185949960867,0.2486318003657696,1
345899523,1,6.718562117599665,0.0891541634766324,1
165456443,1,4.313965115169801,0.0322732828813553,0
278861826,1,1.0676262112698214,0.0735655123695812,1
392113518,1,4.363617764733267,0.0502171042811587,0
467062613,1,1.5162809502547645,0.0632126769465994,1
321947833,1,5.421296516106033,0.029095917596781,1
294191640,1,1.5939127400248752,0.0547631591930013,1
350030939,1,1.2209605956833631,0.1107423174459426,1
181150051,1,1.0401226763942444,0.0687348038911195,1
167304040,1,5.819132893915094,0.0487098815007862,0
137136194,1,3.1306539273486016,0.0329207480688803,0
141975903,1,0.2577021612160738,0.1194482433423594,1
124205037,1,0.3327344881208199,0.0861925827227035,1
307488184,1,10.066884225792148,0.0187432141295514,0
82580956,1,1.894267375131233,0.0330628828136512,0
271701447,1,1.638820479277801,0.0921690476717541,1
141622065,1,2.9279902292436115,0.0892782249757648,1
398763011,1,9.318909364527418,0.0533521427867105,0
308851582,1,4.91242691402114,0.0257439645461702,0
260162199,1,0.2680681974156964,0.1071884715596894,1
25078924,1,0.904382677425188,0.0768884861310583,1
124604724,1,0.1169201760046225,0.1292878884955838,1
381948745,1,1.5957514104352202,0.1142957278850645,1
181159386,1,5.63163494825107,0.0437451051047778,0
306130391,1,4.645283300221383,0.0483989428868369,0
220474209,1,0.9801495022675336,0.0754975126092704,0
279615979,1,0.240730689027474,0.250866979813685,1
176910080,1,1.8573591849366875,0.0794949449183115,1
142105466,1,0.4332050813785035,0.1884820016980615,1
141127435,1,3.2422209292942425,0.1935003364489708,1
266845051,1,1.4697047119950917,0.2513290355964119,1
462267926,1,10.93998965923156,0.0620366259550537,0
55524055,1,2.6494429753738253,0.0333001111339207,0
307433122,1,27.851381187405664,0.0062423987241049,0
452500843,1,8.450280809366111,0.0244951440774584,1
349790953,1,1.552082086502462,0.0810114623466048,0
150442264,1,2.9816875592000907,0.0481919697222721,1
32449963,1,6.520490854235356,0.0225339163964121,0
92902951,1,2.246483486220586,0.1299652180005841,1
467167691,1,0.3594030063528191,0.2621685417924314,1
415873588,1,3.4913476305776787,0.0714374780136091,0
288027491,1,32.20826852300997,0.0151243307891572,0
141685465,1,7.807422532611081,0.0272781291384989,0
178859380,1,0.3307901909355493,0.1141039178268538,1
29777922,1,0.53059749480253,0.1704157300573884,1
55404385,1,2.952051320630585,0.0411897881504125,0
124282575,1,4.810394458521586,0.0384555962691248,0
303441920,1,0.9176656705207048,0.2414069116730656,1
163648025,1,1.7301721869877795,0.0887950886097636,1
355152971,1,8.076032661141014,0.0550945972295162,0
459809633,1,0.5094437961695171,0.104107504820465,1
308184924,1,4.12842739156182,0.0455328389836495,0
167654878,1,0.4939027045269432,0.2532900073027294,1
1630690,1,0.4136605197528929,0.2541824858204511,1
437322147,1,10.615121276044524,0.0094398806874544,0
452631268,1,22.12246598843297,0.0073481590044196,0
370101325,1,0.5090886139089256,0.1998614696703063,1
350480660,1,4.463823547607872,0.0324662412777075,0
300871545,1,4.8170762379825165,0.0257113150414881,0
219699532,1,1.081090092104129,0.1289707114153082,1
309658221,1,7.594988736454043,0.029173665502334,0
167692429,1,10.262847934211912,0.0281018818096581,0
458859364,1,2.2997311939221583,0.1236109557377421,1
446832107,1,6.194547624750217,0.0269653620089719,0
298700310,1,0.7130761125677187,0.1224516132940891,1
279089927,1,1.9059241243613665,0.2258209676566958,1
382517745,1,10.441054769010089,0.011991021182156,0
453097744,1,1.0572137790194622,0.1283847563623753,1
402447670,1,4.353678827406831,0.2623499966585686,1
458474559,1,1.3905824212682645,0.0885910119308249,1
348897766,1,0.4420564953694769,0.126406585828034,1
140659980,1,9.4400721149286,0.0152307449366269,0
23328912,1,2.564016427114565,0.0303688971378067,1
165458777,1,0.2926701110826073,0.1515080085014958,1
29778064,1,0.4946418814882585,0.1411745054309995,1
410654298,1,19.95207318264569,0.0108327535765215,0
349308842,1,3.582777799133364,0.0447404466624811,0
303811839,1,6.920630675930103,0.0132303626236368,0
219912046,1,1.7797694048923207,0.0785341832565805,1
302995864,1,1.2814346402928969,0.0912925849376069,1
5868998,1,0.6356446553990469,0.057318017716899,0
370101492,1,1.6318812686104147,0.1521546733341934,1
422327572,1,0.4095596082232726,0.1911525930717227,1
97908039,1,5.139707303152859,0.2460765706626955,1
341193555,1,9.724223860705166,0.0169517941688893,0
317642317,1,1.3872942942498931,0.1436098213477773,1
278956474,1,5.488049914383017,0.0374289494894669,0
260132330,1,17.298779777506912,0.0120608422652566,0
55497281,1,14.905360777066509,0.0132668491679361,0
401227592,1,1.3990757112084782,0.1662164834995549,0
386166904,1,12.355669459627991,0.0278503774074291,0
425064757,1,0.2615397325647817,0.058969420791644,0
177077475,1,23.42623681234076,0.0039840950277023,0
238196979,1,9.422850943566454,0.0246563171789504,0
287328866,1,2.076799185365397,0.0405185451062952,0
149573659,1,4.373718980953552,0.0242320387046935,0
162585265,1,0.5123344098582552,0.1305834873555982,1
22457438,1,0.3606758350340487,0.114311412117903,1
158713903,1,3.5943016428816104,0.073423387909175,0
321455348,1,7.681884732294492,0.0616092598011345,0
450637853,1,0.4971262730301024,0.2005243260191794,1
142109430,1,0.6141031211792748,0.1754950423743549,1
280667311,1,1.6278849816028815,0.2849015955574482,1
167890109,1,0.3769766886405373,0.1326530181658183,1
319936228,1,9.646439422695618,0.0432933388359684,0
399423563,1,0.884172627569353,0.139186782691072,1
147026702,1,2.072821903189317,0.1070484456964077,0
158673914,1,0.3733743508143332,0.1192927935039214,1
318825030,1,5.18484678664936,0.0315790555869497,0
347809861,1,1.8114519606034607,0.1712769178281917,1
296449358,1,0.3351378617715071,0.2722189705829249,1
349154435,1,4.432162535345788,0.0252449787481044,0
260128333,1,14.608582815613214,0.0144029386535146,0
282051803,1,2.4636030945034824,0.0583521823399164,0
363149298,1,3.175634161074896,0.0904418289681658,1
382067804,1,26.131358051790595,0.0190961042767342,0
399253092,1,8.721240259649791,0.0321869370936331,0
15445546,1,1.6827974976252416,0.0686509812527009,0
452734608,1,1.9944549162990584,0.0856382711642077,1
298079609,1,0.4953859959244651,0.2843046286874637,1
382028425,1,8.846200993954769,0.0479507776399182,0
279569707,1,3.9794091103150064,0.0503275372458473,0
308451526,1,0.7896582764081677,0.0491915411068389,1
231810776,1,0.2327289419529291,0.0413139231228459,1
147214032,1,2.4877086073486536,0.0669541333683703,0
443494454,1,3.5755329952302146,0.0384794528482479,0
350622185,1,1.168571885036982,0.1044768009693933,1
408552008,1,0.5234448157857516,0.0490849804733779,0
437297176,1,4.396030112262354,0.0561634724082797,1
21827849,1,0.9426368173120998,0.0620473780892639,0
382512330,1,0.8911385146858385,0.1883483485082465,1
141333573,1,4.247307380359142,0.0447867990276041,0
260131665,1,1.6725345822235715,0.1351976534981941,1
278683641,1,4.241821111387382,0.0419879752373605,0
309146836,1,5.427944150218915,0.0392991282101247,0
439519959,1,2.446850597563776,0.1231830405730017,1
83135408,1,1.8017220919293973,0.0868047573670749,1
260502102,1,7.315208263471821,0.0180331813615844,0
299702740,1,1.4652035423034606,0.0945205001049048,1
390554357,1,3.6473992000645294,0.0942728527750917,1
118313102,1,9.255726955582212,0.0285056249303941,0
248111238,1,4.655179645072508,0.0549299102978936,0
142262969,1,15.514933925173311,0.0166062673151963,0
388129029,1,0.29728163173778,0.1463146537693546,1
141914317,1,0.4371691552232509,0.0927997157143381,1
94637805,1,0.2768891304450537,0.2753421270765598,1
167526485,1,5.011496241929376,0.0516045546233359,1
141809359,1,12.157559983765616,0.0138073965063123,0
258314976,1,4.966268262157006,0.0535175521407588,0
324675819,1,3.3029374125288307,0.0544943342861928,0
350479101,1,11.916890587953114,0.0147563063757689,0
141268467,1,4.181090229110897,0.0426721155518584,0
382188882,1,4.800094506395679,0.0149585165539483,0
89787778,1,1.082634137818612,0.1152167371422741,1
358111274,1,43.84342757105966,0.0021325565777797,0
248074315,1,15.723513455228192,0.0201852481378101,0
178889597,1,1.8844989668735264,0.0850536034063761,1
162585282,1,0.5123309827493001,0.1236439978485082,1
438942374,1,1.7091340484658668,0.0427362625107349,0
467238286,1,3.41433307838084,0.1261162299170122,1
333127661,1,7.894271542899648,0.0371948670559475,0
142148228,1,1.5612094431847072,0.0372693732474939,0
356524567,1,1.1539639634934251,0.0959864391708997,1
405177882,1,13.714896929931545,0.0147780367470139,0
364392434,1,1.7217689910618514,0.1398148137904293,1
286191384,1,3.611820785333832,0.0577747973613154,0
350443417,1,1.2167214004324678,0.0828824346772492,1
178723395,1,1.7615730900592996,0.0427897090188706,0
77557473,1,0.5815637177330012,0.0862150566092441,1
322078735,1,0.7316135211847137,0.1004252861280728,1
349156098,1,1.2014857022762009,0.1179897413643634,1
22481474,1,0.4403005106235322,0.0574448357454018,0
403757320,1,1.0025045583158636,0.0554641894289867,0
364395234,1,1.3757531177348068,0.0684456136385672,1
99028324,1,9.404339992058796,0.0096315247537555,0
1630438,1,0.3905230804539529,0.2492562442507893,1
58466459,1,3.8716104436383656,0.0334931201759522,0
167694820,1,0.5221896608474871,0.0865487300176518,1
397361078,1,2.207721537262938,0.266390178387043,1
219373406,1,0.8618964604737405,0.1416828850953653,1
23559851,1,0.324813686480097,0.1414063898619776,1
271999940,1,0.5642228721964402,0.1224960773642518,1
279323859,1,1.0799812025408484,0.1030658026216302,1
38423705,1,0.5336538175683062,0.1730560328736342,1
158450472,1,1.3530058045469888,0.0448764179060827,1
443494351,1,0.515800181117807,0.0979446557167768,1
384031569,1,20.821963849149128,0.0163759059986379,0
376915487,1,2.5395591055681006,0.1208857109465624,1
269347089,1,8.259682071308177,0.1014716759780886,0
102169275,1,13.099713979155974,0.0142200006887129,0
374859582,1,1.3049652097516458,0.0981714830194252,1
152147549,1,0.2294902291098259,0.1533169825447145,1
167554898,1,4.453700562064659,0.0318475696666789,0
349480752,1,77.73432726409688,0.0419042923739681,0
349762699,1,31.39563538106456,0.0062528801459071,0
32150630,1,1.4920360955231666,0.0490261966068016,0
99028319,1,9.404594282941847,0.0099787377705539,0
181862539,1,3.144539754687115,0.0981037464310628,1
452575636,1,2.042258464848981,0.0617870140748799,0
402107145,1,0.2923328067198114,0.167235507563624,1
303427297,1,4.297372275102982,0.0193743483554879,0
131239334,1,0.5698002553091469,0.1736612467283068,1
81702112,1,7.7359443573680196,0.0444546782701328,0
309402205,1,0.744409922865137,0.1162196175931679,1
452172479,1,0.7385220409131188,0.1412450117919024,1
452406965,1,0.2555319963316773,0.1208515217399896,1
142105299,1,80.05289371232476,0.003986502645512,0
399421408,1,2.045554377256788,0.0562557324460929,0
41170667,1,0.9740941761590296,0.2051751530834661,1
272058503,1,3.7355485322721833,0.0536820272776545,0
380117288,1,1.4177203221681591,0.1469940941843573,1
307216760,1,0.734005121311288,0.2611353564906895,1
308991822,1,8.224383332039277,0.0218478165281041,0
349484636,1,0.3719684990676661,0.0618277493859411,1
167795859,1,6.212817194536322,0.0238304238513781,0
32050581,1,3.1131465946767585,0.0243953937256375,0
55652785,1,1.6941402912588277,0.0960237790911958,1
306580215,1,3.499004992082355,0.0300279770602257,0
237915523,1,0.3322736052074834,0.1078745208867137,1
323292655,1,1.6698838537553158,0.1158279105012146,1
394657952,1,0.872373583234366,0.0805331529629821,1
150101799,1,1.5772269548747628,0.0409531984932585,0
149160359,1,1.1207351323620616,0.1442926453749968,1
425594181,1,8.690472642640877,0.0145294709929534,0
453095485,1,0.3082995582509363,0.1269268711548187,1
148158540,1,1.8495522048503408,0.0900948250484581,1
405533713,1,0.2799591510611335,0.0940440765990598,1
308828048,1,1.0692161233994169,0.2956004333452247,1
438682877,1,0.9219350271438248,0.3422112538802413,1
159864583,1,3.640488413589469,0.0578681016615284,0
460820330,1,5.073987660873156,0.020542421613217,0
309528896,1,1.895662182503928,0.0473834351848453,0
159493588,1,0.3534061743984407,0.1419162497254011,1
243475355,1,1.0957853907951465,0.1119033573346198,1
323727556,1,4.007312750724448,0.0942595711132392,1
179410793,1,7.832744355048803,0.039962163528754,0
361388647,1,0.9815337008470646,0.1147057639230757,1
453784977,1,0.4097216011611807,0.1927866732975329,1
383858742,1,0.3211244398827467,0.2642352584586694,1
373844472,1,1.8391273931023544,0.030655179475594,0
150101476,1,3.278575439383096,0.0460468682691842,0
260192157,1,4.371838849314903,0.0371198944202009,0
434664688,1,16.857843332379133,0.0136142441933708,0
461271719,1,3.812702891189218,0.3152396713492352,1
141978095,1,12.833976736500537,0.0282280716701472,0
166319733,1,0.2822072742105003,0.1360711526701657,1
338465029,1,1.1981517273074904,0.1036177114918132,1
365717153,1,11.90942533166476,0.0166252164197202,0
242323067,1,2.0454898980283382,0.0786884685968422,1
141943694,1,1.8345624872415625,0.0421318913100509,0
38707340,1,0.5638978049473319,0.1751217406215043,1
243643549,1,1.7922626236665522,0.1006291596756363,1
242149417,1,1.82007712769608,0.2809538308666792,1
319936861,1,2.0906760411691483,0.1188090067302674,1
160159932,1,0.7991886128482282,0.1807805482663267,1
75490265,1,3.738402571312653,0.03105663517446,0
243391171,1,1.5169916264992531,0.0648928094012681,1
243662768,1,1.6287959886184946,0.0447731955743267,0
278895603,1,0.7409491251145451,0.1491905411606039,1
270507305,1,1.2282335773144757,0.0586475231309676,0
291651765,1,0.8274291904629484,0.1408794255430844,1
306410072,1,2.3620345380916348,0.1366521956520627,1
176871438,1,15.138215888727176,0.0242818193856814,0
394452884,1,0.3026647570702365,0.0886561644548458,1
407661994,1,25.111702295541875,0.004848347040493,0
219201178,1,2.416991029464864,0.0430881238874237,0
451112995,1,9.305645325245797,0.0182457532083402,0
307783750,1,0.564494644260744,0.2792879375488861,1
280909668,1,1.9379919423669805,0.074779659629018,1
323255579,1,0.8611958859329375,0.1848773405441519,1
120016,1,0.3263707518690648,0.1680473692641007,1
404927661,1,18.53628284720024,0.0150038658001081,0
393491149,1,0.554353251336634,0.1226613872280989,1
370085638,1,10.77135484117517,0.0210301628536406,0
48227278,1,2.896331132628834,0.0502966686971849,0
332607409,1,13.050924407121911,0.0268772403483505,0
369506001,1,4.1529468558788905,0.0871195772660216,0
404804908,1,4.41408732280868,0.0189394628155483,0
60735803,1,21.144472651902312,0.0075074138069591,0
418532689,1,0.380366595307317,0.1320329950237949,1
363847487,1,2.4012395100388,0.0419501663458894,0
394099697,1,0.7652935969502015,0.1296074666367845,0
83391903,1,2.4772474350376488,0.0341327808973731,0
350298314,1,47.71911485673228,0.0041988047522459,0
394728064,1,42.61789457160771,0.0191449491220614,0
306635088,1,17.00433508861824,0.0139380551230006,0
83833793,1,2.1734806215357705,0.0923439830902934,1
210636260,1,0.8688271941761736,0.1800371221788608,1
260659986,1,3.5700896839017733,0.0624499328972709,0
61120063,1,1.3195968340708395,0.248023016640594,1
278289141,1,5.8672921179332125,0.0426120554768212,0
332600127,1,0.560476041653951,0.1545607331476197,1
420581415,1,1.31571951100185,0.0550074046946589,0
167722708,1,35.297150961271896,0.0084837862493801,0
128886984,1,1.6339860805395232,0.2869950592308323,1
107548305,1,0.0489790156250123,0.2310268215346949,1
323968843,1,2.699528675061317,0.0723948199845195,1
370678161,1,7.555612343748421,0.0412467027048448,0
453785266,1,5.440095214277368,0.029064992924409,0
47831368,1,0.3659521409017606,0.1651023425652967,1
220029715,1,3.1874984133765296,0.0334052095202983,0
401626459,1,1.5129235777326608,0.0509843367855311,0
454855280,1,7.961244452119083,0.0143288097536373,0
448852739,1,1.1746333255184216,0.0756685217472704,1
112099606,1,10.286825139131343,0.0347520021613565,0
379783522,1,2.4500944738964225,0.0616405413220694,0
357911163,1,4.781828087244478,0.0273531753312483,0
272467271,1,1.3475264571484753,0.0890731125927806,1
129116176,1,2.0173219849559016,0.0659358982804489,0
83939434,1,0.92102533311461,0.2931041513642667,1
73455146,1,0.6693594414660992,0.1376391468880343,1
83449549,1,3.428442239808608,0.0744522525519673,1
287669537,1,1.2950906903484958,0.1105827892023959,1
160150808,1,0.3740458667822742,0.209914867651523,1
159864610,1,3.639886329462109,0.0552286427462664,0
166624433,1,2.4827231600831245,0.0550049541706109,0
260504147,1,8.418306142317963,0.0217831601193665,0
55383975,1,48.05130125348939,0.0033475250674964,0
451282261,1,1.3330076901897243,0.2901844424191804,1
112098034,1,3.9102627022042578,0.0563404782058605,0
141124793,1,5.887034988328643,0.0156148595227035,0
127955334,1,3.082580062636933,0.0305660673359121,0
48227288,1,2.8965087885947645,0.0494842317507734,0
394272819,1,2.9881576934586422,0.2130058095190904,1
394508465,1,5.402172855348788,0.0509170399656947,0
166660531,1,0.3431741755458796,0.1006025563374654,1
411712609,1,0.2902786247891946,0.2367262907185432,1
309434176,1,3.818793455307232,0.048025722678859,0
160484494,1,2.8601083200049,0.0406923231049127,0
310556491,1,1.5553631894853592,0.0554577672865824,0
203387944,1,3.3108415974667857,0.0482700084510427,0
261089147,1,0.4616656216668323,0.1259908894677474,1
260541250,1,0.3359386075823387,0.1143101983731414,1
350743714,1,7.757574889063556,0.0168817910919601,0
451211626,1,2.452533527684992,0.0295040431850277,0
311925584,1,3.64596998099382,0.0122290544917837,0
258519658,1,0.8877353472242976,0.3935944377646687,0
91961,1,5.282624782288264,0.0172606520375504,0
55659311,1,31.113418803469862,0.0108297936980187,0
158979332,1,1.5321936346221228,0.2041004919286269,1
396004353,1,0.1315313682808568,0.0798224207978997,1
30540538,1,1.5998439663210633,0.0975994807062045,1
30382918,1,0.5719607521293173,0.0920976790439356,1
271225404,1,2.119456930977149,0.03382049781845,0
278296621,1,2.5004829882291792,0.0603562637350258,0
31134762,1,3.787252594876853,0.0198725784582918,0
185466937,1,0.2743782453512882,0.2242791767918921,1
75969405,1,4.610741576051334,0.0381935428722841,0
76658755,1,1.0498693662428809,0.0362656252308223,0
261335113,1,8.130594449992568,0.0118767236454729,0
261105201,1,0.9555700337152948,0.1390721064774248,1
359618989,1,1.874678862353784,0.1253443782748,1
300161053,1,13.306816436239044,0.0146049857173193,0
404144841,1,0.4477342336872361,0.101272307699057,1
278413303,1,1.8426529792518829,0.2357883394271377,1
30993392,1,5.794544464015049,0.0297445334066613,0
76698707,1,0.5278686364934843,0.10570998160186,1
350445771,1,3.190428840623156,0.0005171189241818,0
122285268,1,0.7208625556209478,0.0941389760457945,1
357713892,1,7.100132655962902,0.0276504069261723,0
270348090,1,2.81946319844364,0.0262526054868351,0
359767082,1,3.069244757550788,0.0960260621569986,1
35349987,1,42.95599948072679,0.0019562430508356,0
179966966,1,1.5481000875704989,0.1317293660042643,1
55602946,1,4.938646848572328,0.0406586962619917,0
363885457,1,0.3517661617932375,0.2459805967776789,1
150187916,1,1.1162147912782654,0.2529555827957572,1
309598681,1,0.8485797780536646,0.0798733809565785,1
410578942,1,5.902663452316675,0.0784217758893806,1
258837989,1,0.8870530570677855,0.1028653096005227,1
331183881,1,4.283982042639994,0.035815625719324,0
307927495,1,20.556487582440223,0.0114448299288201,0
243642384,1,1.7468124099954947,0.1987605133387568,1
449650980,1,1.2783846675377455,0.1635946530743804,1
160697480,1,2.9844974778503537,0.0353635409580361,1
83914837,1,0.9118506553122594,0.1031845140571103,1
312102715,1,0.9936833347693278,0.2733938897117315,1
48318875,1,0.302838795869002,0.117106394186216,1
260708271,1,0.3588282880627236,0.2151666744737226,1
243192504,1,2.287129802203389,0.0491568797184838,0
398363472,1,3.058032291191864,0.0300682042319745,0
300104749,1,5.577702194722572,0.0178506536540361,0
150300654,1,5.449897233442909,0.0408916916549857,0
304458680,1,1.0387193717729724,0.2471164327184376,1
357512000,1,0.8797054173742209,0.1630973691052404,1
270288280,1,0.3057096814221238,0.2693500601931891,1
179368346,1,0.262668467690326,0.0877122226787751,1
309350921,1,4.9826540253858935,0.0259935768308835,0
306576384,1,3.2146433542559705,0.0408893934082935,0
241532550,1,2.057221592985781,0.0399630248672954,0
150357064,1,2.9787011008101727,0.0306524459142329,0
47309500,1,0.3868074770309047,0.0919348083349382,1
323020176,1,11.975885245632911,0.0526901748395323,0
338104678,1,1.4466495209493475,0.1376040218177956,1
294200378,1,2.985527608535052,0.0911205430872221,1
323442776,1,1.1493927406197038,0.0669589202726125,1
384534266,1,0.987776108955806,0.2342874125009951,1
279087522,1,4.240715275905492,0.0432282703629032,0
341258182,1,4.489909187372849,0.06208272741876,0
263035184,1,0.3033045928117687,0.0765500655232693,1
291320884,1,0.3717522398856873,0.1007545008083357,1
279217728,1,8.730563041356259,0.0424774496563363,0
167201539,1,9.468927773086696,0.0159382665580658,0
41561453,1,1.51378596446589,0.1409957923930493,1
177631209,1,2.1442081335880365,0.1018187766817735,0
271893367,1,5.85746222669708,0.0171291686495175,0
374447935,1,15.51448815683563,0.0584135523197159,0
384742846,1,6.356936045150484,0.0314421432759179,0
298372701,1,1.6642684401690724,0.0419963796644413,0
430263572,1,1.24821394308382,0.1034030817709185,1
151300352,1,0.6214256749590775,0.2189707617629255,1
301160638,1,16.018439712310382,0.1517248592023432,0
284783117,1,11.243485980967655,0.0331603553330083,0
407147727,1,0.5996011419373573,0.1329311507343745,1
279692257,1,2.616834796248475,0.0433074320257967,0
349059354,1,1.6646631189785537,0.0968928499973608,1
198076334,1,0.7826006127320226,0.0961280435665565,1
357040925,1,0.5140398890052259,0.1663447626852978,1
402918060,1,2.562287271469731,0.0624247090908277,0
305674644,1,0.3142172689495416,0.2695898130094968,1
306987941,1,0.4710207415241262,0.1313314032232843,1
381979901,1,3.2541356838537943,0.0525940834390805,1
206912019,1,0.3572645721625835,0.1201364372464619,1
423987361,1,5.5332324096804495,0.015917392099196,0
454058066,1,6.456284317096385,0.0724704005962667,1
389070884,1,8.542530085835145,0.3073374803540419,1
343757299,1,5.81923473996931,0.0350595560031821,0
418720347,1,1.803846475764536,0.0618826291658286,0
202445608,1,3.3692497638827543,0.1325442505661671,1
357662316,1,3.6126873275292097,0.0183117944312656,0
125115082,1,1.3010635072598664,0.126924456574744,1
262614966,1,1.1545645104828577,0.2669970330224198,1
280055342,1,0.7865935711747879,0.1072643934638193,1
125857387,1,2.494762034730224,0.2261395527440686,1
38494096,1,4.8944544316607335,0.0919867848919593,1
257737073,1,1.3301489645061864,0.0836675490695053,1
220402294,1,0.7852426816322957,0.155003238507841,1
300324638,1,2.641390599321236,0.0610794121705331,0
442829369,1,3.862324557950696,0.050747147970289,0
309619055,1,10.550928642510494,0.0147554718940648,0
25078120,1,0.8232097838119167,0.2607456739055209,1
167656297,1,2.2656055372034367,0.0327252227695129,0
220397947,1,3.5520270701111207,0.0359597597641326,0
342694097,1,4.343323670436713,0.1121249629332201,1
124350360,1,17.116221264507853,0.0049041368728806,0
306272819,1,2.5461439409551816,0.0567769970172178,0
370676773,1,1.7986395749363808,0.2904330179311158,1
447493530,1,3.300784903491264,0.0957878589203405,1
379865347,1,0.9328605805801904,0.1021463315223234,0
279323519,1,4.092784507170077,0.0430560686926109,0
24133365,1,7.069040676046402,0.0430691376178834,0
293151358,1,2.3129764147096616,0.1224075752781387,1
379806358,1,0.4307892976885879,0.150075834196564,1
67267845,1,2.0253142832228703,0.0839285206828364,1
272086869,1,3.982698365148748,0.0275580738326408,0
388128308,1,1.1939727776227935,0.0433550910675238,0
190863171,1,0.2043994051820838,0.1841437436103682,1
207511576,1,1.3680134651237308,0.1869129180451392,1
214716930,1,8.525162136433549,0.0307397872356366,0
261138857,1,1.8415276392697628,0.0945088459897297,1
102643159,1,1.7769153625808145,0.3411816243198841,1
396655059,1,7.977183708651537,0.0224581566298398,0
388244501,1,2.1187552931660782,0.2465196652700789,1
336931938,1,0.3798720198384211,0.1088361806647336,1
24194061,1,1.2624533895623913,0.0990193476271302,1
465088681,1,12.04137341156492,0.0680929862299072,0
426541180,1,4.697534303049537,0.0218230196953039,0
90836525,1,0.3138837153549963,0.2505634328680911,1
305675525,1,0.2965474462837609,0.2450518919805465,1
207693951,1,2.716445226405581,0.0712015084038473,1
349763482,1,15.629565139644493,0.011177086758521,0
255513991,1,2.1983925878998813,0.3269340316675269,1
159803421,1,0.5522213012652635,0.0530257835356898,0
255567460,1,13.796331140249992,0.0074761249691002,0
394699148,1,0.4124419124389755,0.2044058726408034,1
388203226,1,0.8139276184638425,0.1196977906761286,1
455463415,1,5.852050961769471,0.0453184619905492,0
350025490,1,0.6268532202985941,0.0641203779407959,1
304071827,1,1.5916127283428794,0.0251378992047694,1
360571125,1,2.4624054551927697,0.0509435257492203,0
426422372,1,14.309487573639084,0.0187369658109451,0
149030418,1,1.7402012598673489,0.0794313316386985,0
349521875,1,37.41008466165635,0.0042876453053789,0
316207527,1,3.013122542867398,0.037970350015498,0
216728030,1,3.19722824552964,0.0550977557643815,1
121455954,1,3.5148060846006186,0.1040605678933681,1
407824089,1,17.944736330386664,0.0128944073559785,0
410418820,1,8.569525990478683,0.0308446323802975,0
217059369,1,5.682085072478827,0.0537905426530467,1
446872386,1,13.081287172051152,0.0125777479251159,0
261136311,1,8.871702721446606,0.036680674238944,0
278826516,1,14.083605129362804,0.0083279939093046,0
32959497,1,2.5034398566038463,0.0316472818657499,1
306107122,1,7.7598310421986305,0.0463057167036883,0
269852699,1,5.1365109734936585,0.0289678514091394,0
348717439,1,0.4794003122395213,0.1359181194992087,1
359987981,1,1.065578343333789,0.1932254508344927,1
363933313,1,4.686617241131684,0.0279540124614727,0
395429348,1,1.65135328545783,0.0789253794879708,0
290410988,1,0.2858823092724061,0.0748903411210889,1
216995338,1,4.9741340268540215,0.0213954333483173,0
133701671,1,4.695542906567325,0.0305077850386148,0
222945452,1,0.7482018790505569,0.0752466212233227,1
293480903,1,7.56945961960978,0.0147041072205784,0
279156705,1,0.7228748799743032,0.1743023165962498,1
407823917,1,10.61520727614925,0.0183437870562053,0
222173967,1,2.0136409927945262,0.0516972702709503,0
294197236,1,1.934540160004969,0.0735991748648635,1
141708335,1,4.760343468057425,0.0234141585446416,0
294059372,1,0.6667437888997341,0.1294845816040537,1
303264387,1,1.7811270596110629,0.1044718888802018,1
276836579,1,0.3814964875930503,0.1245481228828344,1
418527327,1,2.045780590391649,0.3084880319088143,1
339566276,1,4.240318632964692,0.1304117121590795,1
421285598,1,2.358113133621434,0.0436467117135335,0
349643889,1,26.679462890983213,0.0617070911969359,0
167812449,1,4.235676833814392,0.0155482635725175,0
325564366,1,0.8886966233904059,0.1251799892442188,1
306981513,1,2.7707770200239628,0.0953984268087321,0
267239205,1,0.8303663827997565,0.1566298046456339,1
245527958,1,0.9415949012249656,0.2723457495008631,1
216190934,1,2.6749712099792458,0.0777790972364886,1
247145147,1,12.953681948383611,0.0095643630393538,0
152377056,1,0.9432620481934842,0.1189496137258782,1
94257578,1,1.1911553896227371,0.0741784048896566,0
455509774,1,3.903425129830013,0.1052798356396081,1
161988269,1,2.513944039106533,0.092901806967089,1
442567883,1,0.6258737487131983,0.1189211174728664,1
301956407,1,1.8312571738392671,0.0510648763393446,0
340100436,1,2.938212558903765,0.028300967686497,0
448913059,1,0.3677721821683337,0.2376980160075978,1
122645363,1,0.533937179826756,0.0879195932860857,1
311103813,1,0.5278587625598773,0.1681597137403858,1
50380257,1,1.3482850863767435,0.1029027400005916,1
456609929,1,4.567174865697509,0.0350052640425871,0
464422047,1,2.748416117829472,0.0671484978680073,0
254003502,1,0.5914568854060654,0.1518792635346695,1
112401201,1,1.11578935900332,0.1412526547432696,1
265435357,1,2.8775044233675486,0.3046034850910216,1
396170777,1,6.565657748440287,0.05750682145229,0
303909865,1,2.12667285154498,0.0536878201474528,0
344031627,1,4.01842112253722,0.1207998926322391,1
360824561,1,1.495248760514598,0.0530397559443591,0
339666028,1,1.0070898365421728,0.2586296066065896,1
422038373,1,8.222261047973136,0.0170450877450615,0
380645083,1,4.388648833784166,0.0219801978487954,0
279322914,1,18.86768421238424,0.0124929867314119,0
6667908,1,14.443446408680924,0.0282304711808861,0
201747686,1,1.3456286889550746,0.0566842939247478,0
278866211,1,2.194051673803366,0.0226076388410039,0
196954401,1,3.74998355498936,0.1048769846646672,1
407584737,1,5.6505967917613225,0.0249351978775628,0
382308684,1,9.073712259302852,0.0224065838412176,0
306723230,1,2.5257947633688747,0.0606697194432609,1
380659334,1,0.3494674078447632,0.1189955227812499,1
113567527,1,6.6547255789020685,0.032977745511901,0
91246422,1,18.77397782312401,0.1438873657310343,0
254045302,1,2.888873576243915,0.0441139339737427,0
219967673,1,0.8586386071020534,0.0363026412153514,1
254258206,1,8.016871855684169,0.0913408769563461,1
113061684,1,0.6932294502756023,0.2594547740381232,1
181341926,1,1.0054508310726074,0.1349762970965717,1
253715855,1,1.1320095828252086,0.0625149143446234,1
263925187,1,0.6662303758404716,0.060014642182729,1
383427491,1,5.800572335854324,0.0557452627779492,0
396903513,1,3.1686041352442262,0.0980803635775443,1
341309569,1,7.346581722335101,0.0147028714642551,0
270341486,1,7.460165787225351,0.0640086022457455,0
25858367,1,2.274490051110565,0.1017323560546759,1
61724376,1,1.9078995560133487,0.0551774182088984,1
101233501,1,14.545740012336704,0.0387956171150061,0
394230860,1,28.964909188577582,0.0089591838961673,0
211116547,1,1.2769701494066197,0.054922944335257,0
98064760,1,9.898090221687212,0.0125391928302331,0
87260967,1,1.0905535544686302,0.0976679460389251,1
292474331,1,0.3666916569234816,0.2637921876021809,1
61898904,1,2.87601189287523,0.0489510004985982,0
55652896,1,34.51833531979488,0.0064719719876301,0
167697604,1,6.896511624124688,0.0081097488684418,0
270204401,1,2.238157393503988,0.0758833025998769,0
365366508,1,1.964594683084556,0.1284064053010639,1
219927211,1,2.693306554960953,0.0605348734940618,1
253826623,1,18.353032634857136,0.0165649574824314,0
182894226,1,0.4086711829189874,0.1516916516994274,1
371839073,1,3.7959421596454073,0.0358174544626433,0
253749178,1,1.8376667319160127,0.0765083637431811,1
327785134,1,2.478689657191703,0.077597927937666,1
30816076,1,4.083180050803583,0.0329776395697122,0
120393264,1,0.2093105187177429,0.1490213243335635,1
404156386,1,2.3444525493964066,0.0347705035712107,0
425675208,1,3.4083680936139062,0.0443928971371866,0
390996644,1,1.9194360442977856,0.0882991931601223,1
319606464,1,1.496087505862515,0.0510655754494314,0
419744996,1,7.004983718712089,0.0485044540669304,1
358108063,1,5.971643683792112,0.0278353262265125,0
407165509,1,1.4712921775906915,0.0924922858586589,1
113565705,1,1.6583723100381955,0.3764103749631717,1
280685089,1,3.385218963956266,0.0363606138719705,0
292013448,1,4.328136832985763,0.0510540090111952,0
118271404,1,0.3997520067608708,0.1784031119064525,1
339752629,1,0.3974210136635157,0.1883965351680049,1
382312052,1,0.7972678347818858,0.0920254656564569,0
90911675,1,3.9624210160320814,0.0601436159431492,0
49534600,1,7.949009725902455,0.0262734991431367,0
181233908,1,2.797531526133644,0.091383962810599,1
318649597,1,0.9268830308343126,0.1171884335248167,1
253844234,1,1.182335014052771,0.055071562909272,1
2372579,1,9.921097604307176,0.0126729647740682,0
380822025,1,8.48095696334178,0.0246855203933189,0
61381436,1,3.888433422802119,0.0380719350284595,0
351336681,1,5.418262738123296,0.0276742138650406,0
6400274,1,1.2112319592832257,0.0798851067749762,1
238892775,1,0.4826575095234553,0.2619568920655063,1
349797905,1,3.5450129949726783,0.0557484544021553,0
246745789,1,1.5370723176181464,0.2585826757241807,1
409934687,1,5.87271352754448,0.0421836143739133,0
193831684,1,1.293323472397131,0.0722254412788747,1
259901124,1,0.4560838080435346,0.1700343226228309,1
253657883,1,0.7905225039184006,0.059004721943875,0
261746657,1,1.3169859074427768,0.0909951654023644,1
229810745,1,0.4975237323399035,0.1134677677885432,1
120341889,1,0.5010343129171068,0.1799039803676176,1
401606923,1,13.917597894621634,0.0182860650109012,0
396215041,1,2.8307840104670863,0.0516261964832507,0
200135791,1,21.987742471249767,0.0258309465317427,0
97833468,1,2.2836153786924136,0.2402433359466301,1
211215485,1,1.7015011826742268,0.1202226244704569,1
316582319,1,1.437200899610198,0.1395369549465747,1
118200081,1,0.952989238077398,0.0935125757572412,1
56777828,1,1.632257281892605,0.2529869757550401,1
118271395,1,0.3997855412253419,0.162915808985575,1
61135882,1,5.640241944947102,0.0251297737774975,0
320264006,1,9.275819660006809,0.0215443978223204,0
345170707,1,4.057115269494873,0.030002963739491,0
80059889,1,3.0319175718292417,0.0452143246596152,0
253781040,1,0.2887024356348606,0.2681907867215591,1
276315375,1,2.0486947986932447,0.0689535726762375,0
320054835,1,5.899182270929109,0.0424619169068362,0
76758733,1,14.630961767709165,0.0922205474588583,0
304101379,1,3.2143601889252538,0.2330014313583289,1
180416826,1,2.189526942443557,0.02808174740375,0
370134610,1,14.488841838592004,0.0208504724043476,0
365956683,1,5.73115915866444,0.1019693603767665,1
128790976,1,3.5187571741907315,0.0238483919438704,0
404123632,1,3.365539828717525,0.0526896489140427,0
211170874,1,1.804089655233808,0.0447925587623599,0
387107961,1,2.714660330080373,0.0607394263065661,0
425549135,1,5.020696061227064,0.0352067876320402,0
101845679,1,1.281103642669907,0.0544647428897716,0
273697554,1,11.878103403007774,0.0235884141327783,0
161083755,1,0.3139063914680563,0.1856088957998073,1
169573910,1,1.4398096939609315,0.1266589243814443,1
469441650,1,1.6835965291407549,0.1382956802638639,1
61730680,1,0.3365551018591187,0.1283245274945564,1
101654574,1,18.45929396173716,0.0090178409895363,0
394657039,1,3.762852817311662,0.0403423548713047,0
263074592,1,8.06939810918698,0.0689603426913637,0
80252615,1,2.69470700709638,0.0723514375752885,1
340110295,1,1.6544428021490296,0.2484428542589176,1
50273697,1,0.3320698667833369,0.2528441486066736,1
303843296,1,1.711726169674452,0.2662267036870502,1
30914235,1,3.019952901255569,0.0537809596201073,0
320173862,1,0.198096266944081,0.0989394942698173,1
277373390,1,1.1678693583673931,0.0910857384552789,1
180412528,1,4.587004573377047,0.0157826169918133,0
60433558,1,10.800443108493798,0.0500397659999837,0
90716944,1,16.050526013617493,0.0066356647166665,0
158301961,1,7.761559324202818,0.0319171612684668,0
142783746,1,6.151221680033733,0.027128280171222,0
184008771,1,11.025108076235531,0.0368537876117417,0
164458426,1,4.693262415479666,0.0423914749027439,0
164558072,1,2.427492975418058,0.0789987722664664,1
377307592,1,1.1928601446753948,0.1325473960572121,1
158389967,1,0.3927173026503303,0.0906738114647056,1
280033934,1,0.2787725099660905,0.1081165654729111,1
41870248,1,2.8261627341844635,0.0466120406440282,0
232965249,1,3.726856265253084,0.0388544296581009,0
233208885,1,0.4937367748480371,0.1358215378562166,1
350987976,1,1.2975694141017693,0.1016748900319448,1
121273032,1,3.4755734877140667,0.0507718579155578,0
27845677,1,33.1609399797119,0.0093202463024674,0
229766985,1,0.4313565176439444,0.1470636626976493,1
159298033,1,1.7248359764553205,0.1077453676622891,1
120499528,1,0.3691510014039856,0.0810760036273984,1
7849727,1,0.9933050020804594,0.1334167709895211,1
160195393,1,0.5728941496742773,0.1596740884019559,1
123014200,1,0.6845600011570172,0.1494884446430563,1
362104293,1,28.962025339417394,0.0049040070420115,0
269126567,1,13.675216416987777,0.0356436974844283,0
273376048,1,12.568899923761723,0.0104518924090932,0
48191564,1,9.568998225453116,0.0290622335025476,0
63451547,1,0.9791375012586816,0.0777031243721149,1
362187226,1,0.7939721204946616,0.1591584201774611,1
121945407,1,0.9055703481060084,0.0865868502961044,0
352165018,1,4.904515604917557,0.0572107002746534,0
263635510,1,1.753772712418113,0.0427692877728878,0
198280388,1,0.4884028349754343,0.1113898164320859,1
273778807,1,1.1109005105384218,0.2423692007545406,1
290035575,1,0.9523768789023658,0.1241069782667496,1
268610013,1,1.6796616855404791,0.135291340526807,1
193867475,1,1.7771915755943457,0.0470786599295889,0
27843942,1,1.5218738891265402,0.0586684979340535,0
158393140,1,0.8768262855707909,0.1328514961216513,1
202442974,1,2.7389209783871493,0.0525585770634985,0
147950620,1,2.3106306803087184,0.0258879241144383,0
301072091,1,7.906258510907199,0.0243588125590256,0
203001339,1,9.067300926602307,0.0171184516590368,0
170344769,1,11.259333016833123,0.0277575510404819,0
159105847,1,1.314714756710516,0.1808650557870936,1
158728853,1,1.6564460873530802,0.0558599429251904,0
164554097,1,9.726540953597846,0.0192297397880844,0
356198153,1,0.4681810832251014,0.1589940799627256,1
272176884,1,0.4177288632620975,0.1848398654065639,1
281948821,1,0.1121159111797033,0.0920415256342779,1
160228595,1,2.0922296210855467,0.0665466786813172,0
113098812,1,4.896014501295126,0.0383068454118689,0
441808796,1,15.47133744154158,0.0071882680833232,0
198537349,1,9.57855635061054,0.0155642098747387,0
272720444,1,14.169036508125256,0.0097855752347306,0
356896561,1,2.2533508719624296,0.0632758797577717,0
1883519478,1,7.640746061766441,0.0172701446618178,0
256368884,1,4.199175883395196,0.0585356597482081,1
272781956,1,1.65042369659325,0.0849292411441383,1
165310952,1,1.80521851099776,0.1455049523181051,1
137975907,1,1.7032721363679502,0.0609722963454203,0
219435542,1,7.198980760925838,0.0271298723567294,0
198382838,1,94.12590260735352,0.0050447135537912,0
295803225,1,6.560313897184528,0.0378005617639405,0
138639253,1,17.52810477793481,0.0112974635392522,0
120258315,1,2.9115347584209865,0.0545640892133828,1
120576722,1,0.7891761686711941,0.1352437807203733,1
266920154,1,4.7083128192297865,0.0561269423157141,0
15795549,1,0.8911946199054739,0.1243964928519971,1
441734144,1,0.3254051822681325,0.0904227260296277,1
122375269,1,1.89124244203841,0.1271378033034781,1
28304399,1,0.952690741667476,0.18502980842807,1
273042299,1,1.5883098970298797,0.0849885889921077,1
170735592,1,4.20291760742981,0.0747267380825904,1
264508409,1,0.9744477900168016,0.0956041340307481,1
230478637,1,0.6676539451627876,0.1694415441360748,1
263930790,1,1.1247810923314732,0.1455334785680248,1
356820646,1,0.7943807033166929,0.163656057132867,1
229776076,1,11.2110117004407,0.0220477482564357,0
158660631,1,2.1781295599708184,0.0596824547569107,0
274347939,1,4.853417085424281,0.0395857939483392,0
121020626,1,1.5403935785800469,0.0582388102949146,1
138098461,1,1.1600306420490878,0.2476077685247431,1
165307617,1,2.4315121742164565,0.2532653637704807,1
102929927,1,5.5293298481767765,0.0208985648066668,0
159644070,1,4.56419246707231,0.1373541607407721,1
121016578,1,14.08413912922075,0.0260589633812432,0
233546272,1,1.6591378316999958,0.0818189600264109,1
40219040,1,0.5247286670107303,0.1938735641021467,1
199688409,1,0.8682632754360389,0.1467311165563617,1
229910746,1,2.506333464674681,0.0493845601069211,0
48356677,1,10.761462900153573,0.0206666838379403,0
103743317,1,1.539668774748712,0.1037638955510985,1
99920728,1,2.358527846093752,0.0399720113563423,0
329246824,1,0.5876813005442904,0.1631990151764899,1
138888894,1,1.35358758862341,0.1539794627498765,1
48450535,1,4.233825956603043,0.0297860927133083,0
377253090,1,0.4245312591640597,0.1577812210300896,1
47757785,1,15.67931938108091,0.0358373628750766,0
233282561,1,1.6027526827843623,0.1043257091468281,1
424719589,1,7.640745679062781,0.0171866939757354,0
63454475,1,1.8674767725654169,0.1121525465574255,1
272489100,1,1.7905209049443482,0.0725950657474789,1
170246850,1,8.400240438561116,0.0237150419036905,0
235718636,1,1.1888538398155677,0.0925521880408719,1
199716496,1,1.0458363957913526,0.1034788039370808,1
28449295,1,2.3779664280484085,0.0360354903769714,0
155894704,1,1.3574343429565634,0.1194731160811889,1
12672792,1,4.211631647394101,0.1162254555172208,1
41998476,1,2.7809830715946826,0.0467543462891045,0
138578906,1,1.2347530685179562,0.0888323984414811,1
298008052,1,4.363359048786422,0.0511267139855761,0
268383780,1,2.618376989760605,0.0701146600318776,0
219096494,1,8.074192298288207,0.0314008775924613,0
224605072,1,0.6648757808178481,0.1461336145883699,1
270704947,1,2.6598093941486627,0.0900739107755782,0
159105713,1,0.5749413880390973,0.2328674993228761,1
356240274,1,2.347587594977893,0.1166410658308126,1
258773798,1,0.3364696831269649,0.1791553975896387,1
120684604,1,2.18908203355554,0.0772113023013042,0
14207118,1,2.7046115765017147,0.0950311802600248,1
243319567,1,0.4392637796103944,0.0849702964317168,1
1713419350,1,0.1296922914946256,0.1093187292925095,1
427041696,1,4.005176718155625,0.0640197669123621,0
237130278,1,0.4130443121749229,0.1323717561611898,1
399788405,1,0.43043680149873,0.1455648913344698,1
377190161,1,3.7863948992790015,0.0539441158748241,0
154840461,1,6.036156546284834,0.1967324699916361,1
120689878,1,7.404469965780418,0.0280234404017493,0
199420503,1,2.385856748706951,0.0827709817426056,1
121598562,1,3.348846170959872,0.0398816774374498,0
120893542,1,11.258048544403067,0.0767044262611985,1
377912676,1,5.215082461107363,0.1719668403262074,1
40038743,1,7.168119423004987,0.0389395482461676,0
352718668,1,1.056042416731472,0.0707190560090703,1
121213501,1,0.4738340605133204,0.1410257337544841,1
103605167,1,8.456865883251249,0.0206543411451055,0
273372402,1,2.248895246955545,0.1477719971796954,1
158635832,1,1.985580757123969,0.045640377731369,0
164527723,1,2.7398679145490044,0.0519739786638927,1
378275454,1,7.656069745171305,0.0664401472525758,0
298969838,1,10.120558423276538,0.0085362235161591,0
153991851,1,0.5249268444356316,0.1737099750259362,1
27006880,1,9.763132783472686,0.01684177694395,0
219765652,1,0.6659492890115544,0.1838207809121345,1
161710825,1,15.962704381385114,0.0814906355006458,0
138893145,1,1.875344089756381,0.1746504502486809,1
255904363,1,0.4190036035111357,0.1184739946039263,1
359675849,1,3.677111854839145,0.0422867087167873,0
198242676,1,4.629789525096858,0.0928483140272594,1
258351350,1,0.7729454431102664,0.1375525005824992,1
406947878,1,1.2313642310258228,0.1622084530705567,1
159510109,1,16.9487028458284,0.010050476445607,0
103573024,1,21.558774947825214,0.0626666432858956,1
258826816,1,41.642341631837,0.0083902197950858,0
273582296,1,28.02155096537448,0.0210874531061391,0
137341354,1,5.407277484326038,0.0379707154996185,0
202490797,1,3.3924642762247834,0.0419749532327387,0
121457732,1,1.9666234794448632,0.1350270750965669,1
158113583,1,1.387208799705331,0.087040360441149,1
236714379,1,2.035983871957632,0.026011725564519,0
219107776,1,0.2099379059545884,0.1373316684628128,1
407594410,1,3.816891857441243,0.1004224955182004,1
198408416,1,0.3647341028455858,0.1108182039280494,1
272843045,1,4.855920461399,0.0386977045408202,0
202291965,1,1.5297390410359586,0.2447291276167451,1
185403173,1,4.573035675885103,0.1091705371522248,1
158988347,1,2.4962579772554454,0.0420712111269079,0
353871287,1,3.1756885618926254,0.2663183113622767,1
271158877,1,0.7862557116219829,0.1539006685081246,1
407000096,1,2.2745950704701183,0.0669956499551738,0
219771660,1,14.494536821102724,0.0203297426056222,0
408474216,1,1.9319220589073312,0.0278161739153844,0
272074664,1,10.47613878547819,0.0289224652860079,0
198242678,1,4.6297901793077285,0.0927943812300208,1
14617089,1,1.6689463353180534,0.1428049504166193,1
284364590,1,1.2174657278221916,0.1322826574256604,1
40378419,1,4.746020941508864,0.0816599986825278,1
360661624,1,10.980465499888656,0.0246317000892655,0
350738423,1,2.6160304647111987,0.1197925591263002,1
164413080,1,9.330706296190217,0.0133965719332314,0
320323992,1,0.2428955479687624,0.1325582878110692,1
147686743,1,16.168879421025743,0.0187401954091813,0
352012002,1,0.6671180524510222,0.2862305498175587,1
259126645,1,3.2613020382111686,0.045553623967759,0
159464498,1,11.329805581094597,0.0230917185202248,0
123311124,1,0.8715842975959922,0.0920980305561495,1
161563111,1,0.7177674781984094,0.1538462517241151,1
272944291,1,1.4186941801070776,0.0542094283332104,1
274348764,1,0.8320495457299134,0.2366182081882177,1
1551345500,1,47.3858686564369,0.0016423847242018,0
27312189,1,4.177907265847565,0.0331196157914824,0
155657581,1,0.3681395921980198,0.1098525948747383,1
283193372,1,12.030712165666216,0.0258829980804536,0
27767184,1,3.5129572715599786,0.0470635037497452,0
160585813,1,2.76381811212648,0.0392763887855859,0
158218818,1,0.4239216244066648,0.0812011665962942,1
441806350,1,0.504129656894078,0.1340310526625318,1
185059488,1,0.7397427737046082,0.0877506820240658,1
27844498,1,4.421442786554379,0.056420610419432,1
353854078,1,5.1696900111668125,0.0968096411695523,1
121460104,1,0.3783745148154369,0.0661515799157683,1
121604042,1,4.442324906436259,0.0189623412255085,0
356340346,1,23.85430714263833,0.0145584736920694,0
122606463,1,6.943364177018492,0.0240706541694506,0
84628518,1,2.7707178950899034,0.0590761965241006,0
298734307,1,0.9442714405938272,0.157102957094024,1
271548206,1,7.448745929870221,0.0221696955910657,0
230386284,1,0.3414933154246218,0.0958582664140246,1
199688472,1,1.4412122522037394,0.0266875631208617,0
27307817,1,14.5841729164098,0.0899475024470467,1
351287412,1,10.133539723760965,0.0125950117856246,0
184947995,1,3.479230381052913,0.0409460769664734,0
121124831,1,4.230878141390623,0.0563163832910873,0
441739153,1,3.2100707309127863,0.0475324780568408,0
159220329,1,1.7304031484001692,0.1022636326726689,1
137408317,1,3.723624013923384,0.1293477205863208,1
122070918,1,1.0648122242194398,0.1474343211943068,1
27915909,1,10.674233189365216,0.0125120990183325,0
269696438,1,2.978909859771787,0.0227830556737358,0
160268882,1,1.2709971379820613,0.2474109507359163,1
123416563,1,0.5807304577362536,0.1878269671820193,1
362259855,1,0.8847617617459365,0.1653033460635998,1
424439457,1,11.554915500387647,0.0123076304403678,0
121119758,1,2.302613987780591,0.1474566637996613,1
138430438,1,5.776845429842912,0.041776489378861,0
389916225,1,0.5508770214373254,0.1639129430102446,1
233679640,1,4.398028595685304,0.1200695340404693,1
85711393,1,2.062949227989757,0.0632792426042181,0
198555959,1,4.19205130730135,0.0360556566059266,0
358613523,1,1.3283366103007188,0.1122526853979819,1
229914020,1,0.6760075523518104,0.0602973576829343,1
90349611,1,3.889605375873399,0.1173479063663136,1
295802147,1,1.6537537015121215,0.0807690061316371,0
268305489,1,1.2621621020781408,0.086092189464541,0
148914403,1,18.290195400368063,0.0132457627112865,0
356630364,1,0.5567699277484638,0.0829159276377728,1
229476285,1,1.096462325622378,0.0609353728366971,0
164524541,1,0.3150328479332156,0.1648099356886744,1
93316328,1,0.5157767433179278,0.119208355787383,1
256512446,1,8.056111098269318,0.0286443341736549,0
271773721,1,21.573214585450188,0.0242048397700305,0
165991532,1,51.41784528186172,0.0111341692793888,0
458481461,1,2.8067683141637425,0.1289500549895769,1
137152301,1,0.4919965106733288,0.1204777439741168,1
122446076,1,1.5194849198185465,0.1089461889487228,1
420114772,1,3.235064400120633,0.0358055198742223,0
26489741,1,4.933484486924816,0.0471408444712835,0
229940491,1,37.459762645365664,0.0028865408136083,0
237200747,1,14.303495520801237,0.0079409404852246,0
353650675,1,1.2461863619035982,0.0804638002696237,1
272839425,1,0.3602723773864163,0.2795219960028302,1
147625755,1,0.675839066727634,0.1459233230743741,1
41536849,1,1.9144330651983856,0.0786010874549726,0
288391801,1,0.3905845721614071,0.0993543916432206,1
356199330,1,0.3466258303467447,0.2647775616396959,1
392536805,1,8.409758215705521,0.0205650558826719,0
267990226,1,3.281953346680293,0.2233651115673786,1
123042728,1,1.3128307019098997,0.1162910303685641,1
48507019,1,5.395303939272367,0.0513530644463453,0
273373712,1,3.403908361094837,0.0296982107738164,0
375160191,1,0.7904140466628188,0.0783735944579805,1
120626764,1,0.9612907166465494,0.1288947762674066,1
416264037,1,1.1599619620339494,0.1284541271551628,1
365936982,1,5.221786970628722,0.0328741928887413,0
377251803,1,0.5713694929568349,0.2563008508829345,1
233574062,1,0.2995439422225428,0.2536955220363477,1
169814134,1,0.707846445941172,0.1315260233236254,1
63071165,1,13.683913319469696,0.0117636242479414,0
13968858,1,3.4855938470630106,0.1324366265006593,1
272598447,1,2.7770348750631504,0.0368029243165293,0
406951407,1,0.3618183533259103,0.0716173292879931,1
229687624,1,0.6176007077546316,0.0938906414165998,1
311945765,1,0.4979736277639879,0.1672103828700245,1
279918206,1,1.0837379431401255,0.0483805698004058,0
270700608,1,23.87106461980164,0.0188113945578027,0
122224804,1,2.9764739210770617,0.0700369548696159,0
312230566,1,1.9506652377065536,0.0800815665978476,1
268380299,1,8.480836050240512,0.0343934833508546,0
417126296,1,10.036477345601842,0.0250760291439453,0
275576176,1,15.644050355779251,0.0090169205485415,0
86385104,1,2.3232208353771298,0.0638793642212762,1
159444225,1,0.2839961914303826,0.0706840460104207,1
120315082,1,2.873596955001504,0.0212099068911382,0
273501820,1,1.655454907369674,0.0856661010997782,1
377296926,1,0.4313878573923158,0.1555550183787832,1
63291675,1,8.098207289263383,0.0245762693107729,0
372758722,1,1.9780972995954225,0.0394449734469396,0
355978205,1,0.8910900218724752,0.0803723435072729,0
237114978,1,0.324033122467965,0.2275670177616078,1
185060842,1,0.8248662441231543,0.0784934864914691,1
301063488,1,7.35832420651111,0.0255294330126357,0
394179202,1,7.424153172596875,0.0152446670035854,0
159723646,1,1.0731048273745918,0.1361664176379512,1
158272742,1,1.4009849179802771,0.0912069137186751,1
272650576,1,16.256742960310053,0.0145143267279889,0
164461124,1,1.3862532249032509,0.0618619515122119,1
272369124,1,27.800753788139605,0.0063792684233076,0
40288117,1,1.6948228683461224,0.1286881534541195,1
198416591,1,0.3387332187009337,0.1828878974266196,1
138505004,1,2.299257258233224,0.0648104712329621,0
272841995,1,0.4452788706640672,0.1191348295483226,1
219109908,1,0.4240272234694001,0.1130809615686133,1
229751802,1,0.516255088437592,0.1429552897901563,1
275658545,1,2.984611341994244,0.2816865410900702,1
256298934,1,0.522505431121397,0.1177160564706851,1
299160301,1,5.9369062092722285,0.0289107514158497,0
435715608,1,2.388614700255107,0.0450074749677924,0
356015357,1,11.25948930731165,0.0181811314743699,0
273131564,1,7.863123507097247,0.0174539999174959,0
273885188,1,0.9427823150504292,0.1001902598236762,1
164463075,1,0.3846784018457029,0.157696414703627,1
229771234,1,0.8209584867211824,0.1042015818959426,1
16740101,1,1.4811060693257423,0.1012448867296154,1
156169159,1,0.7452158839951921,0.1511377338465332,1
160472514,1,6.16862699218821,0.109365907139911,1
233532554,1,2.831277730396971,0.1143198436209376,1
284461108,1,0.3495299003512398,0.1615637926465947,1
121022559,1,1.2977560249466786,0.077756056151692,0
233904049,1,0.3112478606112783,0.1532971136402663,1
270616815,1,3.0447350875306944,0.109356664044562,1
274129522,1,8.209398267949243,0.0175180942648593,0
239290086,1,0.3681596439076467,0.126383081805476,1
232629077,1,3.6550018630099257,0.0234277251078519,0
239291500,1,1.6130337732334092,0.0819317325277628,1
273373040,1,0.8431662900381515,0.1271361633330781,1
104909909,1,2.573791430169895,0.0769324013395909,0
310994603,1,1.1611667459532282,0.2474145577463449,1
121121622,1,4.1007474609626575,0.0663988846822986,0
268387175,1,2.163919535045957,0.1146908061119525,1
219900027,1,0.5152647090536011,0.1572968422732392,1
290032774,1,0.5778514279051447,0.1637316217079867,1
121463130,1,0.5085862402732874,0.1069730730115946,1
280033918,1,0.2787727992244161,0.1085743891245245,1
159573299,1,10.882821948350406,0.0154643943698921,0
90616971,1,1.673656538545114,0.073997689050841,0
184089083,1,0.3784420799466015,0.1401925544830148,1
171970567,1,1.9213507245494783,0.0170872832738787,0
48084398,1,2.12180694450485,0.1423131493293458,1
164557531,1,2.696300739909097,0.0704671355366074,0
336405638,1,7.325154887112866,0.0202849202792804,0
160618494,1,4.261861911222083,0.0279510827539432,0
147576476,1,2.219533649764481,0.0944649099833325,1
164674992,1,2.213964121193148,0.0958848944751632,1
164646288,1,0.7337361230648743,0.1499124331370966,1
120826084,1,3.30216051259984,0.0733094257117374,0
356896550,1,1.901318778641221,0.073780032312517,1
342025025,1,0.4650737599921414,0.0948263946993723,1
288471108,1,3.1325802706068613,0.0372656791073477,0
359677968,1,0.6174720056923676,0.1228373564290626,1
420137341,1,0.3758510936435903,0.2124016235248013,1
405685992,1,9.574110367146806,0.0262812951997059,0
137551461,1,0.9790534076343326,0.1061774886530139,1
378089068,1,3.899615168855815,0.0384655545602058,0
243352373,1,0.3342968980213201,0.1025750795926152,1
229975095,1,5.1853752775786885,0.028246195530281,0
110981024,1,1.9793094058537897,0.0967514439481604,1
273629437,1,3.1463303236572937,0.0948473030921572,1
272609309,1,1.5592013928014403,0.1237438427722342,1
416635004,1,19.406274027333225,0.0094689809200694,0
259006185,1,1.939654207952536,0.0433366383576666,0
219750638,1,0.4075023667495878,0.1021558885935841,1
268299560,1,8.752647619168894,0.0148414138652103,0
377192659,1,1.8172397962711773,0.0858614667498425,1
121108244,1,0.3951054015638232,0.1047256302425981,1
224607716,1,0.5107738638475202,0.2416534762474184,1
12915124,1,3.1642751033080083,0.0729908008453418,1
123201406,1,2.4064013338096046,0.02545638857719,0
158431889,1,0.5725308450587789,0.2017158730614271,1
376067182,1,3.177759543433312,0.0318067109864016,0
239309691,1,0.3210139934494158,0.0822197248760525,1
282368998,1,0.5689827554856175,0.1678517967885768,1
256327585,1,13.49477631525925,0.0187477384230351,0
357719182,1,2.6225919406551754,0.0565375814729809,0
28306907,1,0.3453998400875022,0.1978453203669161,1
229495981,1,9.041649118297103,0.0235305596153444,0
63006634,1,1.9948816662562865,0.1247253627864134,1
229585356,1,1.4195972805128243,0.0861703668117553,1
137310514,1,4.053410131139846,0.0521259068769681,0
184298625,1,9.5412426442448,0.0141003313094731,0
353939279,1,4.527292997930119,0.111443848385949,1
339185356,1,5.290360782503256,0.0262983867487605,0
313025849,1,0.3209360868549458,0.2488683475091906,1
270698296,1,1.2193383535527955,0.1038018704940709,1
172422394,1,4.808548323059394,0.0504223822306861,0
364965655,1,0.2642640732175373,0.1153787263334171,1
239262664,1,2.021474376167156,0.0258724387969929,0
288507910,1,16.695472232888154,0.0088434914538761,0
193537392,1,0.1647380937874179,0.1442352803617376,1
172431974,1,1.1722582610913166,0.0932070386709613,1
198388252,1,0.3951610315444384,0.1053544364373346,1
268289462,1,3.5050448249506583,0.0556260357790131,0
184246521,1,2.470284819122921,0.098300229401546,1
270517432,1,33.85877076804668,0.0559751573410113,0
89522181,1,2.3470297112394336,0.0636142485097066,0
362791996,1,4.062936548189484,0.0611394517964823,0
271877841,1,4.074938878049845,0.0446855237462211,0
268297677,1,0.885128351998399,0.1586816314290021,1
99813351,1,16.373827972025722,0.0249390191078848,0
356150515,1,0.6121521024835315,0.1357326233593285,1
421334320,1,17.80589199839464,0.0090461137369231,0
441804674,1,4.269920166227092,0.2241681257153767,1
12494582,1,0.8309453488492198,0.1077880984172637,1
229461186,1,0.4026658764719027,0.0932907645081092,1
219859691,1,0.445763713516892,0.1253129078072964,1
122446960,1,18.611278081346025,0.0079389582240426,0
159047480,1,11.604129658434616,0.0141068319106076,0
157889314,1,1.4327737342721465,0.1107524490393401,1
26656583,1,0.5276908159626948,0.1383034045394371,1
138650903,1,2.527429580666224,0.0373404215939354,0
42244951,1,4.2820417385102605,0.1150381682040487,1
271040768,1,20.73534552287752,0.0096098138551782,0
157770450,1,3.2894589751761623,0.1107852293686884,1
230530979,1,2.822019779787212,0.0756278685405754,1
273874851,1,2.0451584884667806,0.1037665349041174,1
137408962,1,0.7770084243335157,0.0825158158930066,1
312486827,1,3.834150405407572,0.1542659173948901,1
271164763,1,0.1257647740465484,0.0672299461439945,1
40102236,1,0.3816917794841041,0.2387492280269598,1
164784457,1,1.2503663287902953,0.1000443786182763,1
378395625,1,2.5607540411779084,0.1648609109464572,1
48499902,1,7.5811852606032994,0.105807610025592,1
232634196,1,1.2511029590990492,0.1386660392211048,1
30714849,1,15.06886123446624,0.0094076781851911,0
273872891,1,0.6606800949120357,0.1013987338792831,1
136732283,1,1.2918663268492616,0.1764880575724358,0
269031095,1,7.009446244752799,0.0419930948176322,0
379215982,1,6.772373010338674,0.0178405287429689,0
233735068,1,7.686868247964102,0.0250293726265636,0
164781045,1,4.703896359592932,0.0426484263543064,0
121122016,1,13.850315017800922,0.1127364704010569,0
89761288,1,6.523228830167862,0.1339199366161042,1
63126950,1,30.299309763997663,0.0153897081326871,0
298421458,1,1.4993826754935309,0.1134523463053225,1
273583841,1,1.1695390276480342,0.2481758883446894,1
353894978,1,3.341825656448475,0.0509768950853366,0
63074282,1,5.331827209444424,0.0495211417986978,0
289722957,1,2.2183026289820544,0.0955001327047313,1
277473207,1,2.528531913273235,0.0717989343042835,0
367681735,1,0.2567958369797207,0.1284408445794568,1
40244907,1,3.317823835258781,0.1184642564617275,1
121866154,1,9.455665848802962,0.0318710270704576,0
73884611,1,1.6400715043815195,0.1118393407193695,1
158491288,1,12.083548738910306,0.0248405119022299,0
233079659,1,0.2418012617245065,0.1952161048256454,1
273043307,1,3.556351924904752,0.1106438875555949,1
11119600,1,1.2211942357654928,0.0889138561956176,1
230063769,1,8.261436391850781,0.0195919931567347,0
329248002,1,3.1089050073318303,0.0545669632826498,0
115481900,1,3.3060947800830744,0.047912171857386,1
42705187,1,2.1303275316722714,0.0250590484557595,1
142308209,1,4.551882280136977,0.0500905011724556,0
16728252,1,4.850628766331859,0.0936027340672807,1
336267424,1,1.4821917465733931,0.0601872987667839,0
233569141,1,8.232949340631457,0.0480209114904032,0
270615728,1,0.9982150925226684,0.0801813563553685,1
420947520,1,1.804554382256316,0.1155123910444222,1
271547896,1,1.3325397977267166,0.1441915336808454,1
159169838,1,0.9184306452732895,0.1864811662696105,1
230114503,1,11.518327048164776,0.024859632149751,0
291145873,1,3.2394061549569853,0.0771095194097346,1
243352809,1,0.512452203938896,0.1037292612476238,1
271040947,1,19.230846751425307,0.0123623518850919,0
390021728,1,0.3020323783546882,0.1339386222149227,1
120251815,1,1.510214350196904,0.1020910361234965,1
142979644,1,4.179031404942124,0.0149263580741403,0
394179296,1,0.730927363561561,0.1523812535441829,1
194132691,1,11.643687895237482,0.0058112849273442,0
275575030,1,1.045878968373018,0.1388821019089861,1
330998582,1,5.258620733110168,0.0632270730647553,0
441804888,1,2.737502097791076,0.0602287141666364,0
26542657,1,11.00477206223912,0.0261897909620726,0
159386347,1,0.8079927602336335,0.2746669094932213,1
137687487,1,0.5134829219275715,0.1439457361508412,1
436168322,1,1.5520028367881755,0.1337601292112165,1
160648169,1,5.774984374389112,0.0407540359675697,0
288778712,1,0.4988917151347672,0.1507306918811917,1
12673900,1,1.9102171674158943,0.0906663979043768,1
185236439,1,0.6537903135659578,0.1161817820311849,1
282925798,1,2.444019127964126,0.0775400100793856,1
165453878,1,2.707621354640962,0.0501451271139313,0
207384197,1,0.5353066379167517,0.1620818069033129,1
17451194,1,2.9784000457568545,0.0739347577554626,0
375506058,1,2.6501668160346363,0.0376545090644586,0
278678404,1,4.5662045709032,0.0413804623277085,0
190885165,1,3.2975354571041167,0.0154120347181503,0
230065962,1,15.956958996494183,0.0149950001887634,0
344376832,1,1.235800801321005,0.1136191819203709,1
232643392,1,9.86892579990306,0.0082560768552162,0
150326668,1,2.957847135327305,0.0480128003508808,0
193545446,1,0.6286264777835453,0.1452168191473952,1
359676320,1,0.4975784525905593,0.0540164574780459,1
63459761,1,4.363309600710556,0.0586035624619266,0
14844585,1,1.8630983106514305,0.1079235124525525,1
63368767,1,0.6461026953635789,0.0987643046813682,1
364628248,1,1.9195885218968007,0.0568431949009273,1
405526704,1,4.9948693961072586,0.1377447852876634,1
381009148,1,8.42664133354908,0.0972453811662168,1
316333039,1,0.8252372672212396,0.1590764445631215,1
294601335,1,12.458827840317836,0.1724493423973637,1
233720276,1,2.198390712612459,0.0659722200360992,0
11793277,1,1.5069611249136818,0.1316354928788019,1
236537131,1,0.6311411302300658,0.1139786586519042,1
63916460,1,2.630598901877973,0.0579096942376962,0
63820329,1,4.676544293659728,0.0844722433250976,1
63370066,1,5.554169462095131,0.0331852745843335,0
295111026,1,4.263346487183949,0.0858819345955514,1
380298140,1,1.7943809254346248,0.1435523237174706,1
166773165,1,5.031686393878776,0.0304640155617877,0
55778901,1,0.3545553590663997,0.1378144701487857,1
169175441,1,0.4787275333533609,0.2738417216805506,1
272846131,1,0.592669095181737,0.1369593578609476,1
312160410,1,0.3023307619158218,0.1125288397756455,1
458478250,1,2.2552933959206087,0.037508164328568,0
207496824,1,0.802700237829962,0.0956740056207143,1
92776364,1,0.8462567111059671,0.1172128961964387,1
284891601,1,0.3102837564485169,0.1812273464346351,1
233390838,1,12.895541533661284,0.0094725149954768,0
160104585,1,4.8618817037908135,0.0292989947720901,0
287234729,1,4.290494433521761,0.0468994934403499,0
233233639,1,0.4403064715304184,0.168670231421003,1
356974629,1,1.9385440717622475,0.0295890824483235,0
315777423,1,4.931943779608124,0.0864225467673974,1
314459000,1,0.8578359227698609,0.1173584826346725,1
99013269,1,6.534685526122585,0.0377446610831676,0
356974639,1,1.9386036439132643,0.0302231093295934,0
259671983,1,1.8737816961788245,0.0754544754324599,0
158324245,1,3.527165144163082,0.0356385404937001,0
452544997,1,2.24528708646952,0.0855765266789821,1
309720946,1,4.607135545104393,0.0531729869433343,0
331377569,1,0.4542885048275462,0.1456593713488836,1
11113164,1,2.839180461273554,0.1176555293018114,1
207493152,1,9.127649787504923,0.0234745739953508,0
417497545,1,4.758629633342758,0.1060714050875855,1
233080133,1,0.7916603447367249,0.1656043228348886,1
158417251,1,0.5189984940769379,0.2402222342175842,1
193391232,1,3.451069437589858,0.0937716287482952,1
161687311,1,0.8166027883368868,0.1526463705377483,1
55753802,1,0.4155663752816037,0.1405984393852176,1
193538686,1,0.4050058471575926,0.0978544795940046,1
275537496,1,0.8562520626011065,0.1567945744281274,1
255993777,1,0.3085178348458753,0.1997318983011032,1
158565141,1,0.2751823965356365,0.1230038531995495,1
278075650,1,0.7603524333057656,0.1639479205025021,1
405504882,1,3.828380204121707,0.0466773692299602,0
11704852,1,6.771242673717064,0.1098995107454778,1
117234769,1,2.057513659697184,0.0729083473814186,1
365034219,1,0.3777056669622466,0.1481950628068312,1
150388753,1,1.4135515697706098,0.2484121303045753,1
344456744,1,1.2523912134512782,0.1497698337765682,1
158579379,1,1.0144775176302177,0.1192452065184119,1
230088370,1,14.007688827380884,0.0159726726885193,0
357685999,1,0.9368596935750956,0.1115687078319188,1
13974582,1,4.8607921406348495,0.045185051801682,0
273594336,1,2.0436413538573786,0.2446540634206588,1
247205466,1,1.1528047263226509,0.0559426963465441,0
322845246,1,3.6027671579881684,0.0482228828240857,0
429251781,1,3.709533004376378,0.1777530937308052,1
375422201,1,4.076847122971305,0.050833272798599,0
166090445,1,5.324612141153363,0.0135028900581249,0
286923464,1,6.135100195067966,0.0375613151305989,0
336434532,1,7.775345520671122,0.0269990141135936,0
170937974,1,0.8061295338535983,0.1713752326767046,1
224303753,1,2.1772311215991684,0.1621429284938289,1
312286761,1,0.5099985152173243,0.0977740705610669,1
267556582,1,5.3758892898897095,0.1067937987291058,1
198354443,1,0.1534342213801718,0.1025484887475334,1
162035117,1,13.150359031544363,0.0191571169124825,0
154511165,1,0.8403778354109693,0.1442127869521436,1
352954787,1,0.7385985818780416,0.0881882517175004,1
356701798,1,1.072553284291592,0.1062535171982337,1
311070085,1,2.389709674544285,0.0759950488703794,1
290034099,1,0.5921832907119333,0.1066280949962783,1
332277332,1,0.1966710591379702,0.0859070062077034,1
424461577,1,0.7448233389203069,0.148624983251831,1
233731070,1,1.1072299479152126,0.2578835178744643,1
264301570,1,4.935550529646131,0.0345812969389017,0
126336928,1,0.6980385130537643,0.1072951134819736,1
148963419,1,0.5681638790376411,0.1505719208812747,1
276162169,1,2.550066363175102,0.080169347431044,1
165470014,1,18.951108096736466,0.0094183133365421,0
219033506,1,4.669284405532258,0.1224758002688274,1
277848666,1,1.4276144822571697,0.2614380472552202,1
426803687,1,1.4749375882406062,0.133377883013571,1
16617827,1,0.2906366785066398,0.098956065161111,1
269701147,1,8.880132383436255,0.2363922623001109,0
274645120,1,0.9009168830711192,0.1617889745038161,1
276914715,1,1.0520489877547177,0.2210225810027047,1
136317809,1,2.791365226718188,0.0542565312586338,0
452563490,1,4.427623556953773,0.0819666985471158,1
136879755,1,1.5015497700813345,0.0474697371964365,0
16316642,1,4.021879775324972,0.1366681520373996,1
357979050,1,2.346621603334982,0.0680515432866176,0
335720078,1,0.3779938666849955,0.2622835520130623,1
305386053,1,1.2420119746562963,0.1136218569009782,1
331201939,1,0.5545263363087066,0.1114764696513687,1
236973844,1,5.298030764525712,0.0544240366239164,0
469460566,1,0.761241682376128,0.0634024845310614,1
258777137,1,5.929439757354144,0.0207193709337671,0
381011161,1,1.312537099985594,0.136807652302246,1
298559217,1,0.3301871050673484,0.2509446615101853,1
11480757,1,0.4041670317720466,0.1659860939835883,1
273566363,1,2.4039942809159447,0.0706832663653687,0
257060367,1,0.5264850437561414,0.0981242923535999,1
84069091,1,2.6625298018086845,0.0350040532992566,0
28359831,1,0.8905094819847045,0.2615781190720284,1
351297515,1,3.1462184101715285,0.0563248493005029,0
161287859,1,0.566327973195649,0.1485860635050592,1
441641972,1,5.125146621880688,0.0230916406188061,0
392536812,1,0.5909951469228113,0.1822085092586191,1
88589037,1,1.171665574920464,0.0865552850295898,0
163965682,1,0.7858483894341184,0.1043799695917064,1
159720778,1,7.736016596534545,0.0222563964673722,0
417277789,1,6.010470921362061,0.1078218162200366,1
352762746,1,3.1422228044608915,0.1478505036617534,1
278068108,1,1.625922617616632,0.1518395636074215,1
299156852,1,0.7450968255502024,0.1073427886428081,1
441687696,1,2.2263682299120817,0.0918542107030286,1
352964170,1,2.4004738285529883,0.0671050478670137,0
230086768,1,34.92694607327507,0.0030172919114024,0
406421379,1,2.025007820368628,0.0907546471958949,1
28159019,1,4.61904303070426,0.0472870147975718,0
154067797,1,0.2365802080877471,0.1027125469350234,1
229412873,1,0.4184052252953827,0.1926791007725589,1
198313291,1,0.3067213645965078,0.1417867331612942,1
190693377,1,0.3618034108847784,0.1081513273347085,1
445836238,1,2.0007797159683403,0.0832340943956576,1
202444594,1,15.989180309517645,0.0121221089269283,0
138951779,1,11.941303632637418,0.0609695655552084,0
190734021,1,3.764406102991556,0.1012451024461769,1
202299805,1,1.5456859596121968,0.0977752457145476,1
330829235,1,1.011796932427579,0.1563478693083899,1
169815759,1,12.427485876711106,0.0857882708232029,1
305466446,1,6.599843139673761,0.0253152916509672,0
63328020,1,1.1057442199729677,0.1618848286800145,1
303833577,1,0.2785120241291333,0.09512162103701,1
277565268,1,1.0960589131695877,0.0874688771088901,1
275119073,1,0.7430296938946823,0.15451975131494,1
316450573,1,2.468876684260667,0.0496216692097629,0
198457457,1,0.4034691515243663,0.1941405188704268,1
429044383,1,2.372447240813638,0.0393760992961581,0
272079818,1,0.4423686147384907,0.2218452036393675,1
169815918,1,0.9628205829384426,0.1466156558070481,1
207496306,1,0.3293302403040147,0.1361715697129283,1
14842303,1,0.7725964164875071,0.1034094297007022,1
372366518,1,0.5586035886844425,0.149569890065067,1
11480287,1,2.316807798304227,0.1192930693324252,1
243248327,1,1.2696081137290591,0.0550989938571053,1
365787759,1,0.8073951797411655,0.1246303302824526,1
394881270,1,4.8312879430119535,0.1164271896796035,1
64904640,1,4.663853856202283,0.0409589388387873,0
166074503,1,2.3288588593174646,0.0760633362674683,1
229788204,1,187.6752113986791,0.0346923454607464,0
356978132,1,60.18408118206276,0.0016475710292885,0
332334202,1,8.671411427469268,0.0149669789537071,0
278076037,1,1.2337008359657065,0.0835621454765814,1
273173532,1,1.513093083464946,0.1285401104311343,1
63315565,1,0.8553523180675877,0.1627501464207398,1
236046394,1,2.9962602124613555,0.1032596454643967,1
219738202,1,0.5790386275072371,0.1061000824627566,1
441690583,1,5.646392838923791,0.035873680981162,0
441694629,1,7.329986843007911,0.0113510763590261,0
167196599,1,0.6405871940609839,0.15532783118096,1
84070123,1,1.756320176728218,0.1539170520773571,1
417052182,1,0.3134128461895664,0.1696976935958148,1
252668569,1,0.4629094005940848,0.067470741405018,1
305167549,1,0.4528908056206435,0.1615885132043447,0
415469752,1,42.6305664719508,0.0032483710921982,0
68032870,1,1.0335322846520374,0.1361481613689427,1
404103665,1,4.9806173894865164,0.0418668676866007,0
286169068,1,0.4146187767843152,0.1163571555431269,1
328866871,1,1.6963663945629317,0.0641786601045447,0
371066950,1,0.6312793017020495,0.0935023466169417,1
153987857,1,1.0141965765543666,0.0654781405008998,0
337886863,1,5.692488285605272,0.0876260243250468,1
148781497,1,2.5399052984904857,0.0462256966119515,0
193948188,1,5.618112943598579,0.0247020296226886,0
404113676,1,45.8896572951752,0.0080845291885353,0
66545120,1,10.852159730622356,0.0956919461177577,1
431338625,1,0.6000512559882919,0.09043700739636,1
64366964,1,4.459426989357236,0.0854514167265447,1
165626871,1,8.257092596016752,0.0203342305106637,0
295121410,1,2.890364993103181,0.0520291678416159,0
199612934,1,0.6014874213338226,0.1456878205085456,1
387834907,1,12.652626131049807,0.0223943369293501,0
371480725,1,1.4716278309917357,0.090276859159206,1
430808126,1,6.479459275597348,0.0664856877028508,0
129409890,1,7.351405173641607,0.0413751503986641,0
418998975,1,0.276978591942375,0.264684889337714,1
275051466,1,4.7850357168828825,0.0327793705911172,0
173419202,1,1.875806848352136,0.1222585712017979,1
161665775,1,0.2783256176772434,0.2728312923100827,1
325901255,1,3.074727287249768,0.0652558100255999,0
387901176,1,3.715591226284064,0.029035745613084,0
310004006,1,0.6450413649162342,0.1470804379243069,1
364186197,1,4.424570059568223,0.0131307230795918,0
428003183,1,0.7425755901779847,0.1695631414128416,1
193971913,1,3.792844379900562,0.0409561487168328,0
316783284,1,3.0442237220370845,0.2542194532112488,1
316182273,1,11.221995176132154,0.032883288797754,0
336823975,1,4.664285567887934,0.0362849968685591,0
330234754,1,2.753160506325252,0.1145255959126995,1
331532483,1,5.074267078797837,0.1113561891497834,1
316660881,1,1.2506842106936165,0.133167074633304,1
421718004,1,4.446572813616932,0.1070182325817661,1
322390461,1,0.3868961994407942,0.0359581176536708,1
326374705,1,5.405150675531586,0.0671650348360162,1
331221558,1,1.6046596980758483,0.0837152851623408,1
286169292,1,0.4404348142044204,0.1399558889174849,1
64951042,1,8.239032889674966,0.1101949920933001,1
23753424,1,0.3455704841157517,0.2616098643050454,1
315060984,1,1.095508980944879,0.0670395503464459,0
388196465,1,1.7427350922904414,0.2022634975373678,1
420116962,1,1.9831997636375167,0.1320601519340098,1
374265995,1,0.3318931273214949,0.103530556858755,1
410522328,1,1.4957895434225168,0.13990038930413,1
458461293,1,1.8064959523297937,0.0349655310005976,0
430677414,1,0.934925043019481,0.1460769451675726,1
388705796,1,0.5162611038600242,0.0860285572442277,1
288434140,1,2.710041967685755,0.0621791271938833,1
459252372,1,1.305455519333472,0.0397050419458924,1
288434781,1,6.334586123037193,0.0283823654226301,0
353863850,1,2.1291808416100566,0.0829152350461931,1
199574211,1,1.268387897281022,0.0284289970358756,0
2046417955,1,0.2358838358115977,0.106553870317704,1
431159508,1,11.067440730367997,0.025567682955255,0
414019028,1,8.718302072856527,0.0257017645090535,0
66355834,1,10.369268341904542,0.0213993539769079,0
335484090,1,7.498756280745642,0.0497216244200161,0
173797509,1,4.279040598855397,0.0309240526714303,0
276119305,1,2.5784859191289584,0.1170886627673517,1
352951628,1,0.7070839960703698,0.1700866382704129,1
174157888,1,0.3804571275446629,0.1041686888451531,1
428102518,1,10.920621919844756,0.0265777154923646,0
338071673,1,3.378420178505688,0.1066001588276316,1
341327281,1,4.318302822608269,0.0345025328351062,0
322055767,1,0.3775009305270544,0.1825255416077632,1
305399325,1,6.10019723223842,0.0181501396850999,0
286900208,1,0.5399899194724828,0.0844738077579123,1
357372327,1,0.4205147006817689,0.0863484145682953,1
198410480,1,1.1233451485309849,0.0510426933756397,1
66080183,1,0.4011577812214306,0.1425809660636499,1
377192658,1,1.8172360470933728,0.0857922904994755,1
233460141,1,1.6279793751805816,0.0263875973346832,0
159854358,1,0.3266562424169255,0.0948369057764495,1
359497418,1,6.3320719188097465,0.026292745302284,0
343553606,1,0.8050707051399782,0.1513439985207127,1
427147238,1,4.2262696401099245,0.071114414938853,1
125442121,1,3.018350286988535,0.0548057008141498,0
66786762,1,16.688800810863494,0.0241961913241667,0
352979549,1,1.1619751470230584,0.1012302487955172,1
197755658,1,3.1586974527147533,0.0389067753696408,0
274575202,1,9.203589378667273,0.0140511911451972,0
232572560,1,2.2695484483510486,0.0899693464396915,1
373932701,1,5.950354531769682,0.0301514702441567,0
421714420,1,41.12465616225951,0.0081587777188422,0
198152578,1,0.4546774709450393,0.098517641000962,1
417436387,1,1.9623358819962016,0.1023796735789414,1
128927089,1,1.8823806302016088,0.0810623313291661,1
284595199,1,3.4727638483144894,0.0694473459730782,0
1981434198,1,0.3062443125545579,0.2012716002441702,1
128927088,1,1.8822251038464408,0.082533319477162,1
153826685,1,0.3269959562597971,0.174236540688538,1
427240420,1,1.3884253601549787,0.0394359695601508,0
323301918,1,10.690940410231498,0.020417859146827,0
233195058,1,2.679315511766329,0.0522441612987509,0
335265326,1,3.8084529218126537,0.0915363231442303,1
161744580,1,3.7718907220921527,0.1039835830924932,1
367691816,1,2.020192782696802,0.1490897691711473,1
341679932,1,1.7099865362049604,0.1126617465237275,1
364120439,1,9.320277245934582,0.0229207634339475,0
329770815,1,3.8703001319575727,0.0470178424526671,0
337544122,1,4.707761934271279,0.0152706827602845,0
165371937,1,0.7956264580169281,0.111149921789469,1
324596129,1,2.3469243988474635,0.132428738365199,1
157273321,1,5.520100148823008,0.0875383854743779,1
428186617,1,0.7516098236242376,0.2155556591081014,1
329864959,1,9.04566201916691,0.0213684070499411,0
376023519,1,0.3643774743045074,0.1559922610492033,1
128721058,1,5.791456027172179,0.0428028557287135,0
417118871,1,0.2822314601269485,0.137462091588889,1
129538133,1,12.091952214049742,0.0292720013912993,0
293954660,1,2.813686900071326,0.0650619606424139,0
173795590,1,0.3327207278012191,0.1417910573170149,1
309809572,1,0.3268056604142825,0.1888247890612526,1
173424364,1,1.479043416806175,0.132034229535643,1
430846854,1,1.3601153218427855,0.1765327874309405,0
343667351,1,1.5422068602891676,0.1077176809975296,1
233169434,1,0.1757517243437084,0.254606588558208,1
168809669,1,1.0047110250034328,0.1441043746629648,1
176752680,1,1.557446104430228,0.0805725247735524,1
310169616,1,0.4116637708569717,0.1588560521613334,1
455991789,1,9.176426884839293,0.0530027076942388,0
305399324,1,6.100222499406046,0.0187331923174335,0
409455615,1,3.2192142419622467,0.0922398104621259,1
321857016,1,6.956129252793407,0.0181168751319938,0
298183671,1,0.5678699549865249,0.2477725472549238,0
343127696,1,4.6721492591269005,0.1130826343654454,1
342334344,1,0.9013952473684852,0.128464400370613,1
305633328,1,2.503444085393314,0.129091608359949,1
322129367,1,2.7192975911041146,0.1349582051518932,1
199574208,1,1.2683892362949518,0.0308595869514892,0
350132371,1,1.0318392183614216,0.0698338891029146,0
277566482,1,49.37876934204861,0.0136887487321628,0
176551075,1,25.778191942274145,0.0156092735303389,0
455824124,1,12.914929351192184,0.0190386364435808,0
155915231,1,0.8668953196618424,0.0943387141332021,1
176854066,1,4.046211050363855,0.0661694016749352,0
127365016,1,20.85421157748308,0.0221461595917393,0
298246821,1,0.3524517018187366,0.1541437381358208,1
173340408,1,0.4949672772389143,0.1343188416651467,1
197757000,1,2.2065214062392755,0.1046458849270445,1
311035838,1,5.7994854819020745,0.0138485047247571,0
199662929,1,2.2935708052837938,0.0549547986966731,0
290003896,1,1.4430769310890998,0.0630402488473245,0
468792279,1,3.781576057606486,0.0455899730973429,0
283819432,1,0.2678155460139177,0.0990629996565449,1
387259626,1,3.6233193964661337,0.0307861016651301,0
186337556,1,0.5255514286772383,0.2107510004560875,1
376891085,1,2.1417937650378485,0.1254582076150191,1
240911239,1,0.4124256514087208,0.1366611645136538,1
343661464,1,1.0554090878079658,0.3384461857097218,1
252140076,1,1.7008985363573017,0.0465663953668004,0
256640207,1,1.1833652708396951,0.0972057106328407,1
242843658,1,4.981238174167652,0.0249232055869363,0
365962806,1,2.161327850225275,0.044217320116235,0
196740034,1,1.8276701052756867,0.044445403809484,1
240911922,1,12.098270180735822,0.0102702860050153,0
28224552,1,9.926587645755244,0.0180009491760091,0
455790537,1,0.9350885617525212,0.1831304569128913,1
445287089,1,1.2737135478476898,0.1136593853335897,1
18225199,1,1.8827518715473293,0.0745267919728503,1
271529113,1,2.337365603489721,0.1065746540646768,1
396201681,1,7.038403429308258,0.0318703529612417,0
343320735,1,96.26267186510977,0.0013650703625662,0
26568753,1,5.147777456768802,0.0197767425669234,0
343326909,1,1.4075810575375132,0.0499359474642457,1
267651492,1,0.8669407360423105,0.2461776170062153,1
336778418,1,0.6934029900397398,0.1466669317041944,1
65628544,1,12.15618883328969,0.025595996862989,0
338159479,1,1.4143482538956318,0.1384376724728406,1
28351918,1,0.5150874860782411,0.0989231244800559,1
28763683,1,0.8917123966673223,0.1638346944374362,1
272532173,1,3.2739721319582347,0.0700023950958707,1
470710327,1,0.5523473670765662,0.2266715617403621,1
240947891,1,2.4947745990642645,0.1112727108941868,1
17005768,1,6.839729119770843,0.0184224643395684,0
434437489,1,1.8519705777553868,0.0851239081603383,1
388245308,1,0.3546866943445879,0.0732310664081581,1
469863969,1,2.689748603924663,0.0925733732455955,1
83222019,1,11.637692154122936,0.0195865173880869,0
255802749,1,2.3977690820509534,0.0867096943899549,1
375854079,1,27.32892960145443,0.0103125075314809,0
288296337,1,0.5591840079589501,0.0760548103490978,1
312060302,1,0.9804998651864832,0.1437087468646009,1
413738130,1,2.2008699422897733,0.0766444924856413,1
12790306,1,1.1847291313313109,0.1164839788075385,1
375853985,1,2.3337045139665897,0.0913649558610814,1
317470793,1,0.4174331193046491,0.1572175031994412,1
63972389,1,3.037679027031864,0.1038653581640667,0
230069712,1,1.9674069222772657,0.088172346240503,0
13037534,1,30.18269451712608,0.0851710299610463,1
427312571,1,6.066282067876086,0.0570769278171958,0
331069412,1,12.946079668048611,0.1089846376666601,1
279871974,1,6.5619448850447855,0.0574200544030296,0
396134795,1,2.588541655452875,0.0755033769367378,1
366517337,1,1.6886432946775358,0.0974373268898041,1
601366244,1,4.718523820636017,0.0431282777150952,0
435863262,1,3.6576007682277134,0.0416510895435006,0
53847727,1,3.011258632109605,0.0294038532717397,0
323143096,1,8.439326861713674,0.0497495743199594,0
268944966,1,2.3911611712981418,0.0941650952398636,1
431423983,1,8.475123245404259,0.0138537140341975,0
13389059,1,30.55140196815457,0.0106787778628386,0
241017747,1,2.329397128550351,0.1036849799042787,1
279605117,1,2.5779104144322327,0.1052400566288455,1
177644756,1,11.34070284220359,0.039393717328406,0
376499580,1,2.87477382598846,0.0673934606348035,0
252096958,1,1.1642311117351185,0.1370474019749774,1
83812531,1,3.9537502508516655,0.1143791306772971,1
191463077,1,4.718523700571359,0.0426116868238356,0
467181063,1,15.519422692928307,0.0334723545247604,0
434214393,1,3.459796379949217,0.0329423028151579,0
189397763,1,12.77464232698691,0.021056677481533,0
417585921,1,4.941962470911491,0.1075615959714325,1
312471472,1,1.5519276000307891,0.0938374598339349,0
445133704,1,0.3239554726887687,0.1748096151935886,1
44631965,1,3.568573493715272,0.0255646281180466,0
414579577,1,2.079419643789104,0.1084792268768498,0
57963765,1,0.3210186924714767,0.2581483608473621,1
359132040,1,11.072083027012308,0.135741686343377,1
242799145,1,5.001765346242075,0.0252514053184714,0
327583823,1,1.8125835491034488,0.1426017903035432,1
455755453,1,3.3464126608881304,0.0648264761940979,0
455947620,1,1.9277588776231824,0.0305465233261408,0
269609504,1,1.858922677620104,0.13198881685951,1
196776171,1,2.4259113498525067,0.0568085493975368,0
174266604,1,1.7174984152610129,0.0531817211346367,0
327121759,1,2.9898654780007368,0.1056885597574071,1
432761331,1,0.3596189610832783,0.1128884661372865,1
354246759,1,7.119608818562168,0.0184680512532769,0
326812358,1,5.6758097227642095,0.0456877745668796,0
396300606,1,4.292340383696602,0.1648927127384353,1
455769191,1,4.542623644466667,0.0435086090822032,0
326630342,1,1.4734376367960518,0.1401361006611166,1
352077081,1,2.521024161395649,0.1182068185803706,1
356015361,1,11.25993093710722,0.0186075775889619,0
18250189,1,0.1396416729577884,0.0804077262620258,1
396235258,1,2.676085755896404,0.0471718804847375,1
269238622,1,1.221600578336672,0.1283983722816959,1
219882262,1,1.0327259907107789,0.0803085442343951,0
427385758,1,4.908528760904977,0.11144427175194,1
467354611,1,13.914203447789385,0.0267965744780108,0
366517381,1,0.5446193200728054,0.1599631602727842,1
272622914,1,1.315658296001837,0.1644848118873972,1
611402948,1,0.0933696510399982,0.0973989169633217,0
284925600,1,1.2457080804821696,0.0956745227358829,1
283476365,1,2.6647006658094616,0.0363656937329085,1
331860062,1,6.6022111627145295,0.0553594928157833,1
238626074,1,5.158031475698484,0.0240198446646729,0
358908226,1,1.0005990836105303,0.0378256860345304,0
283640314,1,5.5054613370591605,0.0511000610101403,0
177315555,1,0.8152512757004584,0.0853566329075609,1
197587400,1,2.4776907864111606,0.0472040968049757,0
270665642,1,1.574570822255677,0.1326267063280434,1
284611896,1,16.367606339252813,0.0173286950035871,0
421782795,1,6.672989859841898,0.3702833698570698,1
1981621672,1,0.2783084087592845,0.0982823051437675,1
26801525,1,3.896651298823522,0.0518897289836121,0
377611329,1,0.9215820410820998,0.1486289170000114,1
326149070,1,1.951494542537333,0.049921024843839,0
431633352,1,0.5924559772534984,0.101019701757795,0
305832152,1,1.543046237519324,0.1207912743909287,1
371738956,1,0.2687507800248402,0.1127620967512379,1
317839169,1,4.668871125367303,0.0297386788260698,0
433977629,1,6.559685087366455,0.0158539144008232,0
196896001,1,0.6108151086617606,0.2428128230533738,0
174310085,1,3.653309712978461,0.0433355794420623,0
337470211,1,1.3238004434141175,0.0333508449122177,0
202601061,1,0.6609503131264786,0.1071699453819334,1
233193944,1,2.505540691789004,0.0470754759594649,0
271241950,1,4.308039523639989,0.0400085171685272,0
269696430,1,2.9787944370358086,0.0428109255449736,0
58018570,1,2.0288128684626163,0.0408691944488077,0
201693184,1,3.083698388366261,0.0505281996070695,0
196433833,1,23.84030231723248,0.0128324542499834,0
256352113,1,0.468076841632938,0.1521037619825803,1
366557556,1,0.4487763067671326,0.2501679544284527,1
252725557,1,0.3568421669724641,0.2518073779711897,1
427767269,1,6.560024240700702,0.0615187820475937,0
455732776,1,1.3850806240713502,0.0996857049821675,1
272822330,1,4.501334521716175,0.0512127491796877,0
315287999,1,1.7504712227159305,0.1011861951380838,1
177057901,1,0.6846849393751898,0.2591180036894438,1
241013310,1,2.1448943082438148,0.0824008181710509,1
434893323,1,1.3645751408403008,0.1085967075495379,1
173521768,1,2.7650762630189827,0.1111636597267189,1
272324340,1,0.4333570785095658,0.2187755267364335,1
600037491,1,2.0714015400144428,0.1283794866202522,1
336296852,1,1.6089124448909302,0.1727220272911339,1
240706234,1,0.2336935508712961,0.0817264674443926,1
28391714,1,0.971544928242553,0.1377885317722936,1
440003271,1,2.6394344586065324,0.0496638189552303,0
263968694,1,1.5325047481600558,0.1075903683613325,1
306955469,1,11.950366707144097,0.016415041586969,0
434625997,1,2.058307548473539,0.1226700319132977,1
365663227,1,13.736497858571294,0.1666253540429482,0
51955546,1,1.8160333636027093,0.1146784247921908,1
376963666,1,1.2490918865498073,0.1400918172221104,1
15613315,1,0.7166322811290352,0.1768542507854298,1
342332827,1,4.230467537552455,0.0981770094583036,1
440051305,1,0.3296756714374497,0.0745117125088363,1
421110675,1,0.3188568052548184,0.0766939813587556,1
377506471,1,1.7747461951334695,0.1502195864998378,1
368319105,1,2.7745751945946533,0.1096546998100312,1
320268279,1,0.4507371644506997,0.0716262715178729,1
155114483,1,5.265255731179812,0.0248695787300057,0
317015040,1,19.847795982283785,0.0094216530850906,0
352378412,1,0.6760258619352965,0.1512811286262692,1
405764176,1,0.3701755981626067,0.2055220549781513,1
469857617,1,1.6304856391998674,0.1369158042635847,1
61505537,1,2.8256230413631247,0.0623803203367362,0
343549114,1,6.355241543467562,0.0379829754750493,0
202088205,1,3.374013433593185,0.1313256907560107,1
44631957,1,15.311427580629308,0.0133609375269488,0
63972440,1,3.0374948512922235,0.1044359199253257,1
60987622,1,0.2695979719222664,0.1952506334127298,1
271529021,1,6.068414486047561,0.0368011858039881,0
377278259,1,2.5221183006765227,0.0325188560392888,0
189414606,1,1.2366986047057762,0.0763233830650298,1
44560801,1,2.7935345219244963,0.0777266726213894,0
327121928,1,7.046524710578573,0.0308450730653359,0
267805178,1,1.486370179447529,0.1367951210798234,1
341983711,1,2.5152406296064784,0.0554070910619007,0
283390331,1,1.7802353125522008,0.0718936534951419,1
366072761,1,7.6596081270773855,0.0146160444692354,0
456905229,1,1.6928823760762353,0.0669914529451184,0
412638697,1,0.9859107590589166,0.1391279757811808,1
445181450,1,5.9623430257692585,0.0632372815584797,0
440657189,1,0.2601453853812459,0.2359752991620997,1
376891083,1,2.141793790694113,0.1252734146157599,1
83905462,1,9.652925848536189,0.044321995016784,0
313506357,1,3.0757557419847923,0.0408493183270256,0
380784511,1,1.0138363220010482,0.0956571393057119,0
306956190,1,9.82925868526447,0.1523610460885355,1
333868181,1,15.615454857112416,0.0088266978766878,0
414807623,1,2.119116220597597,0.0529143637178758,0
336767770,1,0.939817709327098,0.0702934355291634,1
366972961,1,2.51271970464124,0.0435408723627609,0
272539879,1,2.142048486331403,0.1245795742928032,1
427063387,1,3.673228156426657,0.0567921064258516,0
191769621,1,16.985035779791726,0.0175246635434042,0
434723918,1,16.20568917078507,0.0324043768488055,0
50849800,1,1.4283347244471734,0.1296905189538485,1
285161229,1,1.497679326767967,0.1183945402371406,1
353565609,1,0.3804039026727437,0.1620300938509762,1
279202406,1,4.921663289651226,0.0858490077752819,1
11437325,1,0.5733566327811985,0.0950455791475419,1
373702832,1,4.0339348674359305,0.0461538599921457,0
428257299,1,0.6389826260069308,0.1997851065482663,1
240962482,1,4.4744608370386985,0.0376196096335048,0
316250867,1,0.685109582242681,0.1148194440997284,1
279186939,1,18.35576477826156,0.0234259862554494,0
280626089,1,2.80542452885166,0.0811991785015429,1
240873079,1,0.8056325694727504,0.1175773530015303,1
369283035,1,9.534809382012837,0.0139551538519298,0
390408482,1,2.926898260867428,0.1578490665976695,1
289044378,1,24.849533823132383,0.0112101405540503,0
301264684,1,9.362253480756438,0.0444552847759651,0
302089933,1,13.423545388856883,0.0209607640507516,0
101302325,1,2.198012050141177,0.067820753154333,1
280321964,1,2.1733722985346,0.0484894387356101,0
388436487,1,1.5491348086049952,0.0509392519782142,0
388602832,1,1.4790633426423332,0.1024059583913735,1
139460937,1,4.063507236760582,0.0395324970994442,0
256640561,1,1.7202707145787737,0.0622375087951139,1
470124714,1,5.519394279742611,0.0266666403739691,0
409527600,1,1.1483466644290667,0.1173434328416717,1
348021286,1,6.590424114601094,0.032581350060757,0
299443090,1,1.1745859792482232,0.2648656354628462,1
293066086,1,0.465431735356615,0.3471758025265183,1
352110251,1,6.061643864915445,0.0219946546633407,0
13840107,1,2.7660840015233763,0.0456260771994642,0
396059992,1,9.102229309471882,0.0490653797910037,0
116991977,1,1.9008883898126137,0.0646897671869227,1
116374184,1,1.7889811947363208,0.0869675060427588,0
353077789,1,1.8390291825519525,0.0805757987561945,1
192587088,1,2.40548717426027,0.0489186719671279,0
29053989,1,1.323091845162593,0.0944616909903747,1
116890331,1,1.5225427332492067,0.0583511031305494,1
409523757,1,3.727527262434167,0.0347943207860945,0
117397619,1,8.031005941873952,0.0576531849659722,0
200921621,1,4.864101310109689,0.0658081814771155,1
286358203,1,4.669927776014152,0.0203404449611341,0
279204281,1,2.3741383473852795,0.0492708283295449,0
202839485,1,0.4128560281701657,0.1018567890445696,1
458875828,1,2.3110324644929605,0.1319316669663026,1
354926863,1,1.4366316197220077,0.0555560565655782,0
301741204,1,6.6790284153270285,0.2406756229656422,0
468343249,1,0.3716204531698344,0.1584731510581393,1
384654908,1,4.453160062539771,0.1253578159445868,1
410477617,1,7.029220113078782,0.0335555154421245,0
186595806,1,0.3873824034059202,0.1351338529061145,1
315937374,1,0.6057959380228876,0.1546211361508741,1
389761749,1,4.172046065329872,0.105428357514123,1
238742795,1,2.7989601052548845,0.0510184033925933,0
14040050,1,10.270734080928593,0.0410699647563529,0
118389230,1,4.2744393934055385,0.279650250447252,1
428249301,1,2.7038917769507407,0.0818626922264804,0
177995773,1,10.61833817275954,0.0203435700129771,0
137205922,1,3.3001413335750605,0.0696046590451526,0
279509403,1,1.7402137588312343,0.250877144647099,1
428795527,1,1.3737495740439392,0.1215782841500293,1
71847068,1,2.587426047251192,0.0473683358579808,0
396573191,1,2.4941662242419373,0.0721513096056952,1
22843856,1,1.8497230719761784,0.0473739034363686,0
285339013,1,1.916368472270116,0.0820671570928486,1
63623869,1,0.7631187107294104,0.1116964416167069,1
373328406,1,6.896544026425442,0.0143601031988678,0
388529207,1,7.374768838103338,0.0220243401464355,0
346541355,1,8.16115536924672,0.0359669357278861,0
268404844,1,3.160902089969089,0.035177079701137,0
376971463,1,1.1374875239200812,0.0831283456272776,1
348670544,1,5.363885194379511,0.1324996237432335,1
428735978,1,2.714536936329285,0.0935926599698613,1
346627403,1,3.009729709103344,0.0547028886044418,0
349294422,1,0.3103879935225944,0.2559220478096576,1
427654774,1,10.452817688304792,0.0135099607052805,0
400940488,1,13.640732687956842,0.0886524433239891,1
384812248,1,3.3653643693568736,0.1135203826483126,1
375599392,1,4.600864999344976,0.0300624566067841,0
250453538,1,1.6405828250670258,0.2594883185741663,1
302771290,1,1.195238877537686,0.1279061502050795,1
77545160,1,11.246590213678786,0.0202532268209616,0
280564453,1,6.914955219980935,0.0263913455759148,0
26432264,1,1.0500525802811802,0.2313899839876967,1
63588946,1,12.72258979273721,0.0147630482152849,0
317507345,1,3.940061931025244,0.0206419117113144,0
292317374,1,9.320213823436353,0.0281282225480113,0
117175528,1,2.254154932747301,0.1004954636187245,1
399737080,1,0.9106007362175472,0.1314146964037598,1
286566392,1,1.4467197798863118,0.1022240632133939,1
417765877,1,1.2113146473981249,0.0633456401489082,0
94368565,1,15.904526996777577,0.0178703198574117,0
470677450,1,4.493156545014782,0.0431601910792511,0
403037785,1,1.3573218528587725,0.1348021808167976,1
249943198,1,0.7986929995974257,0.1418176054713323,1
297647356,1,1.7656246538157934,0.0223043761562878,0
312862941,1,1.8294976322419072,0.1966905300458983,1
396713719,1,2.081825054721627,0.0577493796702123,0
436863045,1,8.803258023452399,0.0608699094052334,0
458847254,1,2.606050265824808,0.0748341085489918,0
327259175,1,2.174091349576854,0.0353701785457255,0
53708889,1,8.458256451773487,0.03489873656719,0
445646082,1,2.726025557844625,0.121214712029361,1
194736844,1,3.040834706510303,0.1481472185017521,1
354385277,1,2.945984135379899,0.1081466715402729,1
279081935,1,2.856899717151517,0.0520097831755815,0
436873913,1,1.977904397641339,0.0202725949246461,0
322262620,1,4.427790027588396,0.0385839862408118,0
373128383,1,2.086832503242676,0.076950834847659,1
241078868,1,0.686766303150676,0.2348918074991892,1
468754960,1,14.498288089722225,0.0144312142743426,0
235982927,1,0.8472790390053868,0.0520572712638862,1
139378835,1,1.029524013127046,0.0671942964962505,0
63310637,1,3.2689043549764283,0.1299161888234319,1
456130400,1,0.351705881061182,0.1326974531604298,1
129913061,1,1.0962675098710906,0.0631283819558118,1
385105755,1,0.8494102402304137,0.1228994230659484,1
428784674,1,2.3867817795298203,0.0393824623242774,0
396615018,1,1.6312487837459515,0.0745513612188243,1
200792606,1,0.7545101246155151,0.0818795759795497,1
461579405,1,13.918210118129467,0.0078916817060166,0
292607284,1,4.138410838207731,0.0357568759598292,0
641169122,1,1.8234945923742376,0.0780109340116302,0
177995472,1,2.7543229101278905,0.0697479239216032,0
81390067,1,7.702900743928223,0.0344549002582217,0
20876588,1,3.14978063653378,0.0732645472784438,1
177823340,1,1.331880087538174,0.1012072209438087,1
21174723,1,0.231880847205293,0.0882065440043181,1
184739277,1,0.7536607365127376,0.1437023026858743,1
50189810,1,2.2375859824651747,0.0509582285766794,0
50191648,1,2.139986680569164,0.0585569046402543,0
399587190,1,0.5642709436105673,0.2441415941376019,1
458842028,1,7.712468904830568,0.0234189585110053,0
26533207,1,1.7655668063504413,0.099670379011002,1
13351941,1,1.5806087491519285,0.0920612979015135,1
444801274,1,4.933036346884446,0.0767960509968891,1
348517784,1,2.110871357960608,0.0534939103192624,0
467574373,1,1.07682757591252,0.2479806817380301,1
429021446,1,0.1943339285392465,0.1150994551504913,1
275259749,1,4.467231420503941,0.0595964262135106,0
399832376,1,13.434707788021235,0.0494799310936973,0
77320223,1,8.606101415686616,0.0306808296285197,0
379376585,1,4.54074507554987,0.1512333596766005,1
410620593,1,1.9170458416950729,0.096442547315238,1
285181196,1,0.1926343021492443,0.1391614306148397,1
422920321,1,30.813838687709023,0.0050510603036859,0
196920546,1,1.5360575438855202,0.0708225898467546,0
286355915,1,4.076052622039383,0.0407120791136226,0
470085533,1,4.72015581998754,0.0208831410385853,0
346783960,1,2.8661541449721097,0.0884256205450558,1
379631121,1,16.209702263510486,0.0121599233068138,0
396486931,1,1.0237881199927037,0.0753759807500493,1
184679932,1,2.17255113674156,0.0472582027211859,0
440676745,1,14.976805251923508,0.0109234825779744,0
431124333,1,1.8806530414894072,0.0581566516613417,0
44147832,1,0.7980901708800157,0.0769489494589432,0
252554485,1,9.94298725044143,0.1039673758405693,1
207398432,1,9.258180383646687,0.0849252808146927,1
273066197,1,33.414725432222234,0.0109544545041784,0
397679167,1,3.2490524875571047,0.2406479210069456,1
424008045,1,1.1836626373199213,0.148825534866453,1
24935204,1,13.4431850430689,0.0179595820702431,0
200373531,1,8.076605924838512,0.0262488344820167,0
159854359,1,0.3266553418699965,0.0975332296290407,1
161668117,1,15.639887162734556,0.220660397388071,1
125298121,1,0.6129219073796383,0.155281851309719,1
1102093577,1,0.2678154920599473,0.0931758020181811,1
359588615,1,4.804392008011219,0.3166818563748339,1
367448265,1,1.8654176463684569,0.0842755262248676,1
316249183,1,8.058530770186183,0.0268243475185937,0
275860377,1,8.847080351600097,0.2265942275736567,0
86081744,1,4.338844857845741,0.0407417896278691,0
459894730,1,12.111550852181368,0.0138676719311847,0
82337809,1,3.5232798582401843,0.0222358924642215,0
138476641,1,0.448062219414987,0.1534555898383077,1
279462605,1,4.802449371959646,0.0278407703934433,0
468293391,1,0.3174147253447192,0.1071781770195225,1
53085065,1,2.9330659277313966,0.1083052573621413,1
84342725,1,2.6986982715158074,0.1472512802958603,1
313193981,1,50.86322505867116,0.0066362707798844,0
121966220,1,6.715454394121813,0.0231435924339165,0
268221892,1,1.749659293583634,0.3197421331833986,1
171084337,1,0.4107992998936541,0.0468854401473397,1
58108085,1,2.572415014099896,0.080682238578382,1
237116051,1,2.462942915088162,0.0446529096653589,0
87251422,1,7.066170763490988,0.0269301950432444,0
470444880,1,0.7732766948362323,0.1416066932039992,1
367106469,1,1.422847238586963,0.0690542450528071,0
116853937,1,1.686636702418789,0.074339034158815,1
105233028,1,3.627402842739648,0.0469107901632644,0
252294709,1,7.859562341776411,0.0168356039731377,0
239022536,1,1.9311072021278268,0.0648968776675903,0
274602479,1,3.9538363117255546,0.044901963391988,0
275911914,1,0.3856278141220489,0.0718911884444016,1
417728778,1,3.431349247763024,0.071015467235203,0
104975120,1,1.1197175071749852,0.0893794925141839,1
317681251,1,3.8722645597147376,0.0377814931734713,0
356641568,1,11.494779291128443,0.0126176714699126,0
406681360,1,4.901508787993553,0.0378233147982709,0
265767012,1,1.7435304159625538,0.098209349168686,1
408937625,1,4.064631026418332,0.1107961532926004,1
407515765,1,1.2203941909975484,0.0678949215288942,0
369334982,1,6.95210297130905,0.017033533453126,0
322549898,1,1.7944601861827238,0.0582571989021392,0
266394699,1,5.775544444002238,0.0458992581084213,0
103452621,1,6.419831878096295,0.0212398192123765,0
397100292,1,5.035513129669663,0.0326203354539422,0
265579763,1,1.1679420471779198,0.1701767006563875,1
140736015,1,14.625394078869308,0.0083437339235564,0
267703012,1,1.3344936822783524,0.2890374102172182,1
59739922,1,0.5543471301719524,0.1014821744888047,1
352940699,1,0.3650806576060801,0.2162874969926647,1
445715549,1,0.6409436259991578,0.0846090306702271,1
3311888,1,4.0010397995656,0.1204161741767488,1
140804999,1,0.9449782925281583,0.1152315579892174,1
303255899,1,2.2714636098951124,0.0378535667327895,0
219788401,1,0.1371852025154028,0.2320604952281282,1
85031598,1,1.1549206369827545,0.0499202570029294,0
306059878,1,11.78754532314784,0.0318412306162845,0
420757505,1,4.165931378818466,0.0498928797830138,0
347130362,1,11.594126790027117,0.0194692328106533,0
2595273,1,2.1129221795233835,0.0621553213892104,0
174949325,1,2.240782799615193,0.0903670154057378,0
428767557,1,2.5287279190866903,0.0429065497617077,0
468827257,1,17.870644879384738,0.0145602377945563,0
8895896,1,12.858088547343169,0.0135604678237,0
142047616,1,0.1487238355311005,0.0856443224722041,1
428981401,1,16.777929759156674,0.0177575679398592,0
368180294,1,1.2472229997590978,0.1446986665881811,1
87429086,1,2.433859362883869,0.0690302640396597,1
376593757,1,0.4779766031263981,0.2034871775864796,1
239004471,1,1.604284191633596,0.0854835994618771,1
309600985,1,11.761822792085484,0.0354486180952109,0
281114303,1,2.9657396267150484,0.0254287348690824,0
357744369,1,0.4843678273359401,0.1118369424043421,1
71103363,1,2.448608857141344,0.1252647378636419,1
59834339,1,3.794121389860583,0.0208623035406054,0
155479809,1,2.6989308899804865,0.070396055024925,0
70999666,1,2.944445705372193,0.0542795102547907,1
467722869,1,9.481645978878948,0.0251654500650009,0
239052494,1,3.0814946142299378,0.0939347487180779,1
239104484,1,1.6252971809046586,0.0726801425633099,1
470275219,1,0.2707742873748461,0.1406603501855307,1
467113954,1,7.568169881165527,0.0129159771832394,0
58540876,1,1.383526930695225,0.2558284886487436,1
62257830,1,0.2060441009552012,0.1149987920587234,1
397184624,1,0.59305288610898,0.1456610414744709,1
141620020,1,6.229386996012143,0.0513606153395787,0
355010562,1,3.25427370956931,0.0432875459867315,0
313294818,1,1.2988198754833775,0.2901434164872364,1
239661117,1,0.3835299621194125,0.0993967251883381,1
470283916,1,0.7934618199163541,0.0797724519950987,1
420500461,1,2.478767806717736,0.2793984126024346,1
428444188,1,0.9732727630324118,0.1454027840258513,1
288979840,1,1.5286973450809336,0.0546733186158709,0
371706494,1,13.326035914789806,0.0090013315798299,0
28586609,1,3.866642170411621,0.0400406700927226,0
137501278,1,2.135389468847525,0.0334514774303259,0
3034524,1,0.3574713100273061,0.1154411324318716,1
2236015,1,4.134660388193502,0.0463812784408792,0
117101700,1,2.738566851539676,0.0736155945480321,0
416947584,1,0.5556917809294549,0.1687496574866849,1
28498786,1,0.7817808440273879,0.1311235715959061,1
420645952,1,1.8465162112319884,0.101341006726195,1
470314334,1,1.4746740434021102,0.0759810607870006,0
428942240,1,1.0521954573651169,0.1451027754981021,1
418292424,1,3.363758332747438,0.052850049434396,0
354535363,1,1.7996637487384426,0.0354847031759403,0
408651394,1,2.048130761068526,0.0312648554973654,0
141525324,1,0.7248979850532864,0.0672747143241194,0
21319374,1,1.7609748045999185,0.0656125262655819,0
99391575,1,2.7262668549375104,0.0627695597787353,0
661540044,1,0.4612919571951757,0.2270618413174027,1
274700641,1,1.1813646158569413,0.2652638042146265,1
297899564,1,7.971761516222861,0.0184211835464143,0
408651399,1,2.048088959034895,0.0304721127461511,0
420574964,1,19.66900928680952,0.0050649571977393,0
281486906,1,3.4627720479490653,0.0383938895628231,0
85785338,1,2.228633161050825,0.0654459048366034,0
354023414,1,1.3532157656398287,0.0586345369891438,1
470391356,1,5.0255956019105765,0.0650614650045297,0
354437781,1,1.3088849749575546,0.0737917738095826,1
440459327,1,0.3022253568536669,0.0947216239935849,1
417885833,1,4.11650618991494,0.0152486836062035,0
664915372,1,2.9716117539903832,0.0233861016823367,0
320947341,1,1.033451987156223,0.0752653622765503,1
353129911,1,2.971817185790896,0.0234560439082888,0
143959183,1,1.5685399801579971,0.1344822176611255,1
260058315,1,1.5340805223617695,0.0942446080169223,1
418244848,1,3.4572042798225904,0.0598225428532305,0
310785613,1,6.454925839315371,0.0193424444535095,0
289564387,1,0.912552701467328,0.0984799354022577,1
138171285,1,21.49877171145108,0.0171018921969771,0
417728463,1,0.95579655676956,0.0608934889657238,0
358018612,1,2.332891196289233,0.1069578276914308,1
312353805,1,4.951899435172736,0.0418851364178936,0
376595143,1,6.6764773760122695,0.0434087044839831,0
142154041,1,2.9486974337578924,0.0583241681975973,0
233205987,1,0.364069740894436,0.2183334041940019,1
122275115,1,16.727167985743495,0.0145880266913758,0
353962058,1,1.151619785599174,0.1421700280730273,1
67296459,1,0.3212310086118815,0.1054477652729057,1
122104276,1,3.54271685449463,0.0540826717151793,0
317674257,1,3.0569931158882246,0.0240968038940023,0
117099990,1,3.196068264947002,0.0795244242175303,0
62702862,1,2.1513033491121427,0.2690225880421704,1
156091346,1,2.315493255131808,0.090258504191103,0
174757717,1,8.639935096174703,0.0090847204937871,0
426389397,1,3.5092612122970688,0.0552527967892921,0
104743460,1,3.193324957747591,0.0418582293770108,0
252214164,1,20.952202196961743,0.0207335834946219,0
742037143,1,0.1872908952863182,0.0520446091149752,0
458387660,1,3.9644119487635496,0.0215192467356988,0
802015620,1,0.5090537181213454,0.0881026154169745,0
4164713,1,0.2747867990972933,0.1789814962238388,1
400621146,1,1.6514432978114355,0.1409797920630702,1
86396382,1,1.0913529000248248,0.0977136811574567,1
130158363,1,2.8498479695443137,0.0438113161759071,0
239187696,1,0.8143008349900419,0.0744988599206187,0
457127187,1,6.853519703582138,0.0856121125045078,1
445069009,1,0.5597790007369147,0.108947427447401,1
192071095,1,12.172741804266176,0.0162017156828779,0
189814368,1,2.7923441088033942,0.0455949309050023,0
191965113,1,20.82895717165845,0.010005904341284,0
126232983,1,4.536315526099684,0.0367047604722615,0
149833117,1,4.052421305205786,0.0268735926478265,0
372759279,1,1.2383844538905118,0.1337876718541273,1
359552377,1,3.4390834723203016,0.1183430343279096,1
289969374,1,0.2558882724128818,0.0958228288303102,1
16479253,1,6.948161205614652,0.0269693215467532,0
80929740,1,4.7387750395999015,0.0325534478167458,0
16700335,1,2.870050711174385,0.0601741017678748,1
392068173,1,2.7895942088129044,0.0479324700883274,0
172421004,1,1.062648472567128,0.1705323816295928,1
470975994,1,3.959619298734637,0.0396308160746845,0
190332444,1,1.594573232507054,0.0403700567496448,0
153891668,1,2.226830116723051,0.124827488389359,1
10048801,1,3.698729549502256,0.0473638124965962,0
159346490,1,0.5825923171055973,0.1392089219895457,1
130158361,1,2.850037965671377,0.0445291622451387,0
302908037,1,0.4048560524042993,0.0697007329717477,1
88703412,1,2.8699726920323405,0.0416438002044189,0
456307422,1,2.6121502772701284,0.0463975662940403,0
147611197,1,0.3795969402808365,0.2526691286815511,1
160492551,1,0.6074425664854455,0.0755472799989587,1
461662295,1,20.54004650759105,0.0090142555103538,0
16596302,1,2.546672979384783,0.218548429762223,1
335564109,1,4.389430264866857,0.0283865161891274,0
456263109,1,0.7713359655068176,0.1492127743047465,1
99641129,1,0.0956464030500451,0.1219653686513709,1
144282524,1,0.292931414873519,0.1035791069215164,1
368779536,1,3.957086081381642,0.0437759510054852,0
55339898,1,0.7196603362352175,0.0895151258721189,1
160425283,1,0.2653611843026716,0.1419113648611417,1
11799874,1,4.257927323674756,0.0358381464858866,0
192201543,1,17.462496077156104,0.2096482410295885,0
192111972,1,22.843460748770088,0.0113344078511365,0
22590328,1,2.7375935487651875,0.0352473165079902,0
10057647,1,16.2635300393824,0.0109972593989351,0
470966839,1,3.1457956303079264,0.0516178026489867,0
16703161,1,6.003065034582231,0.0204784352414467,0
142587827,1,0.4393982242209494,0.1617086023471174,1
71330078,1,2.457247908535816,0.0577628885387371,0
11491822,1,9.946591112938655,0.0354776517660698,0
142618244,1,4.779686351994276,0.0318439454504265,0
445067946,1,0.4084366581611942,0.2644291546517493,1
86232609,1,2.9219037759646307,0.0276111732875503,0
11799872,1,4.257857432147318,0.0397349023442592,0
99135783,1,3.238344384787,0.2247174256610042,1
165797593,1,0.3697210319499829,0.0447651822316449,0
396740648,1,3.770448068729196,0.0281478952729358,0
142258314,1,0.8441976593987497,0.1012858655164793,1
98974882,1,2.131748634325138,0.0657005975098466,0
90935391,1,2.672246432353499,0.0236402390347433,0
461662516,1,0.3732550721298334,0.1220263182708238,1
252914221,1,19.54682268353141,0.010527065885095,0
459758530,1,9.837703526615208,0.022641411995347,0
172171873,1,2.525087037944404,0.0739471954964743,1
240154683,1,4.037961601991824,0.0709728778773859,0
172036040,1,1.4252801046071075,0.1030350085135055,1
441613385,1,0.2082522674411051,0.0733021136307218,0
172224309,1,4.173753518178153,0.2029128985272617,1
240122720,1,0.2693780286653747,0.1203099244549564,1
318067171,1,2.1805537274135225,0.0425652421739938,0
71266846,1,0.1336195252446715,0.1030092125100524,1
55655482,1,7.920335967890674,0.013850654204658,0
229538190,1,0.7325984300033631,0.2929114994809915,1
257241363,1,5.5904852467529205,0.0209777791563409,0
137503140,1,2.9355373114280945,0.040591476120963,0
39643723,1,1.3131123378678613,0.0902563145648003,1
441602378,1,1.274599753956846,0.068513681341134,0
103656297,1,0.2877918278440688,0.1322866287379683,1
357111084,1,0.252899490403024,0.1570672015104676,1
147610499,1,0.5288505113863304,0.1012610013670312,1
139303531,1,0.5394192238685457,0.2008512456763119,1
197183006,1,0.5663165151668149,0.0628612804648838,0
139252264,1,1.1325693147643978,0.0543253282545034,0
191933664,1,9.815418426945875,0.0196714079231089,0
286917658,1,0.3216191397823992,0.1031417174067176,1
461660512,1,1.1662118119939886,0.2192451595428718,1
16485009,1,1.0056497369496349,0.1839718758728263,1
38215399,1,2.4335384308430053,0.0582666586874065,0
456260162,1,1.4823327986789885,0.1405860686832036,1
81038220,1,2.02245980588448,0.1082750131978874,1
102841799,1,5.262964542249482,0.0232460243303077,0
67565466,1,2.8158925103391605,0.0362375633079649,0
371165722,1,2.2499775070129653,0.0516074899564846,1
312865025,1,2.7349625939646733,0.0954939572346451,1
240155327,1,6.122894744024714,0.0225696824721205,0
16805617,1,8.490915494455392,0.0126648411135381,0
285019418,1,0.1366069248257425,0.1405595926672854,1
318230704,1,3.5553165656537167,0.0513280434049232,0
9361438,1,8.607740660477766,0.0210881705830198,0
289716926,1,0.5909092291939629,0.0937415895919342,1
142441910,1,2.8796586620417948,0.0433624840633601,0
233120979,1,5.963091347622242,0.0049670506763302,0
157847499,1,0.1752062883372902,0.0961899838160593,1
457139088,1,3.325511132242861,0.0258879002301831,0
99784331,1,0.523466119282208,0.0896232624909809,1
8677671,1,1.115976642442152,0.1214436450480942,1
318210930,1,0.2277126997089301,0.104215917756844,1
219016721,1,4.23486523964965,0.3519225177913088,1
172933154,1,5.78727233883649,0.020517162058412,0
287196418,1,3.6950193834693903,0.0052858077359493,0
8766412,1,2.3193330221346167,0.2493195520996977,1
329289186,1,0.5525069029743769,0.0880411707273598,1
172517058,1,2.436519054661292,0.0237290760960954,0
252791409,1,17.941371361749894,0.0095602487351957,0
8245065,1,0.3280227673769263,0.1542032012125908,1
458479571,1,36.60225706130981,0.0080290220854577,0
318217844,1,1.222293931440262,0.1401546192546865,1
117378874,1,0.374594384551382,0.1606465163262006,1
99746674,1,0.2716514234627709,0.1301031605874828,1
172529744,1,9.01198054697092,0.0231354425313332,0
459789367,1,0.6873524683171861,0.1463105937031237,1
17206122,1,4.45322994113228,0.0312976265401817,0
82224114,1,0.3761241242252878,0.0987777449776635,1
21499327,1,14.783642382276364,0.0117591904489321,0
330753460,1,0.379495698926225,0.0852620712521988,1
307907420,1,3.298599882713844,0.0328914110312985,0
24004619,1,2.9160742852210424,0.0860027464972662,1
4957914,1,1.2463608333411569,0.0281478547299874,1
202295392,1,7.328304301150112,0.081248373398616,0
39065113,1,4.689205432394556,0.0301557280188845,0
142865103,1,13.334497582151227,0.0212125460687195,0
67949277,1,1.7855310302327492,0.0841217372684137,1
88646716,1,0.4149777349462262,0.129368407539654,1
56912737,1,20.689416766267566,0.0070161262028369,0
16805628,1,4.07575982489463,0.0107437881459337,0
21499609,1,8.478087812380974,0.0296399465505746,0
53479497,1,0.2712799460266191,0.2553971168498424,1
188512866,1,1.6814899711663518,0.0594249851639178,1
150251466,1,12.387568413643717,0.0139624669385934,0
150225473,1,0.4183779618159782,0.1486787920266374,1
137905775,1,0.4031699056677627,0.1084019087277161,1
157840032,1,0.5022673272986281,0.0856765826371043,1
270491862,1,0.4487964912763081,0.1078769006050882,1
406781370,1,0.896677278311482,0.1435705264473197,1
445829772,1,0.2051930076587469,0.1853185031791498,1
138543573,1,1.164679651875724,0.1349649062074104,1
8200343,1,12.984562244334688,0.0133169438203478,0
302668828,1,5.5076988603243855,0.0262404404133245,0
377390037,1,1.8044896138359228,0.2170792308961404,1
16805614,1,8.491612309630653,0.0147008368905724,0
39074755,1,1.568973197355434,0.221290818144861,1
308015513,1,4.325704188800263,0.0257795249062698,0
166532356,1,10.572957324058107,0.0170984047883605,0
331947033,1,3.0276730261527933,0.0243446452476476,0
453431591,1,1.0098977968663472,0.0647600996389345,0
318290913,1,15.021469040380271,0.0090873438901024,0
142791832,1,6.541925342735734,0.0273867319227879,0
139367232,1,0.5632799644385572,0.0842941810137737,1
8769657,1,0.4264695253860719,0.0921643704087322,1
17299918,1,2.028058183347436,0.0397224794538413,0
4971740,1,0.8677956885428213,0.1394633667028398,0
406758816,1,3.063336839353713,0.1079765439768302,1
287095354,1,0.4789818585497031,0.1449861432785286,1
233635280,1,1.3742053800239709,0.0910232726140338,1
126325291,1,0.8293765603784308,0.1009382710077124,1
39074957,1,2.003385180649961,0.0355635398178003,1
148656659,1,1.656649789479478,0.0609964366123243,1
318357083,1,3.244011351946092,0.0419964054824915,0
284660677,1,1.5806939209383788,0.1749235006602766,1
446127290,1,0.3336468491738887,0.0862298151452564,1
147611185,1,0.3683311108302696,0.2337418623837726,1
284892951,1,1.4609217899047318,0.0724181962863986,1
260124760,1,1.0802767727254714,0.1363010669517165,1
315120782,1,0.9337639172248408,0.0552843289385351,0
400525177,1,1.8716306856144609,0.0936163039999019,1
101497151,1,1.252050195088846,0.058608351020069,0
437241830,1,0.9442650702458542,0.1333893239311536,1
157754133,1,2.29557200036648,0.0481968760506572,0
179238861,1,1.1654194800282889,0.1059724341720935,1
140132301,1,0.6570841292595991,0.2177516542608812,1
55222620,1,5.1962117059155855,0.0213119172329905,0
167983141,1,10.40992428441041,0.0166620701581143,0
55222619,1,5.196159017886033,0.0215700053540209,0
286310830,1,8.368591755363376,0.0465584167510413,0
334886280,1,12.000739827188506,0.0284101866715297,0
192990023,1,0.900898046569249,0.1644128503573374,1
122330743,1,0.9163618018841894,0.0783835995255499,1
35655828,1,8.072658963519181,0.0257128268925188,0
36077464,1,0.17281465089148,0.2994988685096077,1
22146154,1,18.1921986934343,0.0333056306533611,0
269342892,1,0.4488067035369326,0.1360042994063761,1
148612685,1,5.0101292731159335,0.0263720228693393,0
71298511,1,2.1525597250676216,0.1206388518020682,1
374366829,1,5.6234927061464335,0.0231942041117535,0
40534599,1,0.3567582450226799,0.1187779852482352,1
192087959,1,2.4768652472985604,0.0413159474277275,0
29914747,1,0.7713662669389161,0.1260843246238898,1
148544875,1,3.4879970518767403,0.0160976745571834,0
281494100,1,2.307397242448462,0.0585060631430855,0
157774304,1,11.784511352710036,0.0148343968088039,0
30828562,1,3.1122866691854267,0.031896419785503,0
5092088,1,10.125881991164704,0.0273641651259981,0
73201833,1,0.8649434174640172,0.1392356656054361,1
193271278,1,2.174272806931645,0.0535688861737452,1
73386477,1,2.180393883834045,0.0956404729453889,1
350141132,1,4.608943857621642,0.0423789935414726,0
294327312,1,0.9185461619338876,0.1369339252692327,1
30122338,1,7.0401695116141605,0.0413537217792517,0
45599777,1,5.313587736908352,0.0231102444200129,0
269562415,1,1.4545104871151346,0.1477547033351963,1
437248515,1,3.405884154164828,0.0269212895166774,0
49418981,1,2.5677451395923176,0.0733635282251091,1
437230910,1,0.3805169757094298,0.0887885460208067,0
53997651,1,2.9173324002257863,0.0239195503705892,0
31810287,1,4.761550558703659,0.0297571784613097,0
168384614,1,2.2676988428918947,0.1186820802191725,1
423524230,1,2.5814001126801696,0.0385365786387683,0
307488085,1,1.0045160827907216,0.2509360313293982,1
74528318,1,4.670058007507671,0.0353244373506669,0
385231167,1,2.367516837584516,0.0689766657817393,1
140064648,1,0.5397544651764947,0.2754750174854884,1
410392940,1,0.3628326673447069,0.2112342512990013,1
48335665,1,4.6274812294450935,0.0534908069766106,1
193136669,1,1.5660057308501214,0.2232059542735829,1
35009375,1,1.0713401329763983,0.1305284078799697,1
106403786,1,2.19545733414029,0.0659109459361122,0
140691463,1,2.0845385032754824,0.0378442739234226,0
219310882,1,0.7542205788516645,0.0731270099635154,0
308076113,1,0.2635613196992649,0.0924456590862198,1
393837491,1,8.573822015119775,0.0087022864521881,0
410299018,1,0.3558795482174454,0.238601785909324,1
157788279,1,0.3552451736525712,0.2595888666889733,1
49175300,1,0.2641902150014514,0.2415638540927118,1
260609205,1,4.4617534131416585,0.0455165325217428,0
340135575,1,0.5827660381364824,0.256747336850338,1
158150633,1,4.156441978457643,0.0259661056473101,0
47380518,1,1.0953774591612675,0.1046070794502477,1
22120766,1,2.496703012485612,0.0739537828911006,1
270742379,1,4.290534367763187,0.1267658120503926,1
158329676,1,3.0672444280008566,0.0473862480155974,0
75818403,1,0.5635613927508808,0.1810640009126489,1
177175199,1,1.0404134377083365,0.0795288297134139,0
19271382,1,2.588345925049544,0.0401946468322524,0
193092806,1,0.1185080984848048,0.0674207074168534,1
5703872,1,16.28144617416293,0.0172939537276498,0
23324827,1,6.187767232306621,0.0347533192591285,0
71546916,1,9.859851128737256,0.0138935663747503,0
102691227,1,2.4197641161423653,0.0448143442157028,0
375477302,1,3.0728582567560765,0.0338524239820859,0
410359089,1,0.7523219912424844,0.2372484878062704,1
149990841,1,4.45318403904859,0.016639419233825,0
291466214,1,7.050581935959724,0.0294809473287995,0
48476907,1,4.713256524068185,0.017613504301191,0
168312820,1,6.934122710192532,0.0127720757686491,0
286310836,1,8.374802511506758,0.0478562099233889,0
308404140,1,2.375861407901772,0.2301500399315253,1
187930369,1,4.9365603131235885,0.0358523636774814,0
148611095,1,4.837469846150178,0.0126401109402178,0
48372732,1,1.0955632731511784,0.0972748335427493,1
24972851,1,4.0217397373212975,0.0410268737725325,0
106470229,1,5.0203952004535415,0.027283128494916,0
102978235,1,3.684111123132337,0.0431654239459442,0
74627376,1,2.6136636574277747,0.1039259479640059,1
53178352,1,1.0813530884801938,0.1246192253422641,1
102195674,1,8.757199956696272,0.0208959013432903,0
400445441,1,1.0976884811223175,0.2903299816481153,1
349970685,1,1.2567057632447811,0.059670775076169,0
47352608,1,0.4434482468101865,0.1557220231718682,1
322732889,1,2.9114714335496785,0.241703183258986,1
140066660,1,1.6642292439826398,0.2506136518553656,1
179295564,1,7.333850011558384,0.0273262882133054,0
436802660,1,1.537820457015722,0.23623468653957,1
92743594,1,4.225321272612517,0.0458622349387086,0
22079739,1,0.6861425487411567,0.0739295040942644,0
30562668,1,3.852242087253941,0.0509104259354962,0
328860378,1,2.1677419635545845,0.0828712494353584,1
22017780,1,0.3842047133557608,0.1347358877454596,1
22818693,1,5.62966337847947,0.0132678764567936,0
165982704,1,0.2976868044554366,0.2679439276742316,1
380618882,1,6.470201896500972,0.0408322778812139,0
459190726,1,4.108026002593967,0.0437367645365255,0
255921197,1,0.8892865195423656,0.1271088752644708,1
161687316,1,0.8164076635467561,0.1317755485544967,1
97472236,1,0.6384973410001388,0.3237354352797921,1
67474119,1,0.4569562086201051,0.1419294607788654,1
386956587,1,0.439229796916498,0.2419109393572754,1
376524552,1,3.713300965634216,0.0220438265039989,0
77139245,1,1.7371057361389244,0.0835792497308252,1
141148944,1,0.8652484801821689,0.1772961809776159,1
156376126,1,0.3518407347892984,0.172329038696357,1
95927692,1,0.6609838986642156,0.0854893851739455,1
61285257,1,0.2345175344843046,0.1057137748963219,1
9461737,1,0.6369755507948999,0.1149517509919656,1
18028547,1,7.399121992151414,0.0183594370605604,0
115920747,1,7.9350687909285185,0.0191920719971908,0
138910382,1,1.1663117579143212,0.03636294617189,0
141148940,1,1.7303098199668676,0.091095678935719,1
63309085,1,0.3464972985088151,0.268376183765131,1
380618779,1,1.812074514507536,0.0408401891938269,0
388843945,1,2.209582021903405,0.0513537624320592,0
393894013,1,0.8158802335701847,0.1293656010807332,1
202509016,1,38.59516054895247,0.0026940829689743,0
207397638,1,4.0201742722117695,0.0572536662038669,1
136995510,1,2.7539308394030617,0.0496204121574269,0
97486585,1,1.5086416540007357,0.2607857650206074,1
149470723,1,1.7368042564551365,0.0498785906632602,1
139061135,1,1.1682787624565043,0.0468086244422937,1
139452314,1,0.3467611207715879,0.1087936076724688,1
135085261,1,4.486862268583073,0.0491747386560843,0
9391285,1,2.7525410708479097,0.0413845246350169,0
393819751,1,2.0517786954661648,0.2476513095023191,1
230061567,1,0.2879799585298179,0.259184032608335,1
39174351,1,0.5737275380144338,0.2927374368494102,1
99254945,1,7.707812528464784,0.0143914342240445,0
138756003,1,1.3526452217098683,0.0615094699101456,1
138819130,1,10.788060577000422,0.0204036658473312,0
376689171,1,0.5210691001431736,0.1024369816673117,1
14948284,1,2.703686564730265,0.0460798511673887,1
157018051,1,15.081400748536309,0.0123756241705007,0
376606423,1,0.8545939369696894,0.0634585659603486,0
347329162,1,4.616980256702767,0.0347348619637134,0
180670276,1,2.3444760950418133,0.0296236478292039,0
367683204,1,0.2206847842819683,0.0844556710086844,1
199549116,1,1.5859641821560908,0.0408695736855144,0
180570279,1,4.798020442148093,0.1008061401422114,1
310170498,1,0.3222297262443526,0.2297772078952238,1
392963260,1,12.417610289115103,0.0128959947427947,0
258923466,1,4.874195801286977,0.0292338616520329,0
20239565,1,6.021164517677142,0.0185260120255309,0
67707406,1,1.2568010545668096,0.1174468176200413,1
159983399,1,0.4190328980324942,0.1577604151942401,1
116503129,1,0.1712538760534174,0.2077356880588996,1
175402069,1,0.1010169497349824,0.0826412206720546,1
71612483,1,1.2168732467512389,0.042280583340706,0
20212631,1,0.2971598389998036,0.1184825136469372,1
357398957,1,0.4777677963500226,0.1343019365502543,1
156067195,1,3.550001448275568,0.0116951065542719,0
339540793,1,3.773994246956395,0.0524371585162822,0
274509791,1,1.1988499127043395,0.1419020653035705,1
67707714,1,0.3171473610111168,0.0896326236387913,1
409343223,1,5.110635400037131,0.0352423379346499,0
310170268,1,8.317351536008411,0.0146816927479479,0
9058724,1,3.56054194425201,0.0378528472591883,0
232527356,1,0.3669901394290765,0.1595580896848869,1
149566964,1,4.813585170126184,0.0362905411830547,0
357358259,1,2.496158802676516,0.0908562382263858,1
165987272,1,15.688856921858443,0.0141584790270272,0
388940613,1,0.4525990992762464,0.2659846200715381,1
156563222,1,0.2711506194845164,0.1181593863214887,1
416024040,1,0.6553236719375009,0.1563698255267707,1
445074203,1,4.369068852435156,0.0242119271687764,0
292115251,1,3.4926302302913066,0.0413264033711198,0
376923942,1,9.3354434346077,0.0146596522889964,0
422251657,1,3.9300333288864633,0.028927271241142,0
365089053,1,0.7755622156507079,0.2346205643659161,1
155998626,1,0.6404517784709479,0.1387863993456954,1
158016784,1,3.198051934628342,0.1833547801199586,1
393639812,1,1.7381396983146251,0.0762989128450769,1
357345626,1,3.643659446498301,0.0838803084613196,1
28157482,1,3.281735769045562,0.0479674298877148,0
92132777,1,13.92946605769047,0.0148695457319052,0
417175621,1,3.3327249106640555,0.0483970504498868,0
68032616,1,1.078069838125997,0.0452398386732332,1
316317026,1,3.5507697290142946,0.0294178364117769,0
207394908,1,1.301087109065025,0.0391696181050857,0
309828087,1,2.5149573947878103,0.0596819592664391,0
366786599,1,1.13178018822403,0.2354803113563566,1
95525589,1,0.2180114029255365,0.0799811547679689,1
116520408,1,0.2908730797741156,0.1208795378412113,1
233722938,1,10.757944603735886,0.0142415473111164,0
95525590,1,0.2180113526048834,0.0794028667502784,1
198109209,1,0.9582094970278452,0.2241240981766611,1
20299889,1,7.606216682099264,0.0661917509938709,0
406798603,1,0.9063451319001607,0.1374093570792826,1
92132775,1,13.92955189351292,0.015317593667711,0
149583965,1,0.4627843768424352,0.2640623366530584,1
390632932,1,0.3737140619241306,0.2294512044809614,1
9036901,1,3.413008459092505,0.0938956475664199,1
116502572,1,3.932956787261201,0.104822471078064,1
389510663,1,3.2082554571035784,0.0416222776186645,0
229750058,1,10.182784266525871,0.010631337101066,0
28290956,1,6.003604397078295,0.0259657827626512,0
207504663,1,0.5882431932238822,0.084075365893624,1
165976940,1,5.940165304109183,0.0235856162609009,0
27112021,1,0.4079911176213053,0.2321020034037119,1
365198355,1,0.558749983409588,0.1366871497664348,1
365070861,1,0.3776546579310555,0.2581138848230152,1
422332463,1,0.4234489721135147,0.2492276753416135,1
422246362,1,2.4231934802013426,0.0524272679553126,0
159871619,1,1.2099549275133734,0.0433301802557503,0
365069916,1,6.313836263502583,0.0483895510055085,0
159202185,1,0.2835585458696377,0.0675536157007289,1
357398958,1,0.4777631122640579,0.1311531110252719,1
149622009,1,0.2552290133936414,0.0966262141842502,1
219739347,1,0.7735262744416185,0.0617123037678074,0
156074324,1,2.935186220206235,0.0273394045230168,0
399181042,1,3.1442912944958072,0.2156044361773949,1
138256097,1,0.4639323340840803,0.1174351492842183,1
155968973,1,0.3418805498768186,0.2165107310863832,1
155988736,1,6.848997417044503,0.0443286758797887,0
286036831,1,0.6319580941046045,0.2621756483995778,1
72534221,1,7.229109456045747,0.0268088643646656,0
88118399,1,0.2478252097914239,0.2205093444502954,1
157968186,1,2.068813546308228,0.0722183918374586,0
365203184,1,5.261103618890139,0.0232416273381155,0
66715008,1,0.3984963165773582,0.1346357192772338,1
116484192,1,0.2764742171844882,0.1191063724696602,1
365070128,1,7.2527315336395315,0.0133938824011604,0
116380226,1,15.322963935486296,0.0142576742782795,0
365059891,1,14.8991013181421,0.0078723948430161,0
258918831,1,5.985604384617206,0.0194436392225413,0
138256675,1,0.5689197497922015,0.212793158604246,1
219843981,1,0.3016094967704812,0.1193174855296569,1
259126549,1,14.769038545806744,0.01226417974753,0
392909786,1,0.2038337194334245,0.1416143834182812,1
422252417,1,0.4932207462939376,0.1230946368072106,1
67813700,1,0.7173661837542221,0.1002115626006281,1
51288359,1,1.801408873456087,0.105368947616986,1
296672022,1,3.466815334034512,0.0590999587342482,0
339568213,1,5.823294217939581,0.1202237719154344,1
67982365,1,2.4938218065751068,0.0347178740119076,0
314527844,1,2.9479376681250167,0.0657264584012415,0
279319810,1,7.496106151428246,0.0198350260749203,0
177283727,1,3.95617001652768,0.0295441030228369,0
364200513,1,7.671829018907504,0.0334453977941818,0
233558430,1,7.32215173103351,0.0268440220389107,0
198181552,1,2.822446898626604,0.0260873367609498,0
170255099,1,1.3032304022558334,0.0872079133002671,0
137516558,1,3.882238891107384,0.042627531366348,0
352915304,1,3.4938605153081768,0.1017962844206231,0
359042174,1,3.395434782414464,0.0696982840291812,1
177417406,1,1.9575805052594937,0.0824575657348082,1
345324572,1,5.157243402341876,0.0501668995314539,0
335995445,1,4.173546290023535,0.0472271821040792,0
26993764,1,1.8842931037465416,0.0520838973308769,0
461318755,1,1.140470694173758,0.1433747382102073,0
53713272,1,3.989702498868583,0.0559631396374001,0
21175869,1,2.7393992847663635,0.1341271900410366,1
65200579,1,3.9293051517374367,0.1000920486743593,1
59025325,1,3.8268310869319953,0.0626735636577027,0
99135781,1,3.234326452835484,0.2204326778643004,1
220569051,1,2.7782729602704737,0.0523893829924229,0
231275247,1,4.0079017378129445,0.0221680894365028,0
270622440,1,2.4450600330447445,0.0873223864963445,1
441464221,1,11.475145007414335,0.0172942344576942,0
355601117,1,4.151957775233496,0.0591795534556546,0
270411008,1,17.35064987909987,0.0132966837682064,0
231010756,1,3.784518770521649,0.023140665379799,0
67559369,1,14.710316444568452,0.0115007498559311,0
97467902,1,2.0450861569243632,0.0861039909444737,1
29847695,1,4.998391357900171,0.0378246771326155,0
322493523,1,1.532347675140624,0.0707717675993,0
219222201,1,2.3832589073569985,0.0789498289954518,1
115693377,1,4.927926399761532,0.0182230514728367,0
63785934,1,1.4701244665669058,0.0950176889222056,1
55369219,1,1.9795958716052031,0.0747330423874272,0
52079677,1,9.030012970399651,0.0171502886737963,0
54018297,1,1.9397501904222991,0.1229555917103071,1
306773020,1,1.3773899218314027,0.0923986413733822,1
198011271,1,1.933560365540172,0.0577981410033497,0
279949020,1,13.098715361594198,0.0148181811223101,0
114471605,1,6.386900533277887,0.0173740541728179,0
31850842,1,2.3198144244503456,0.0444769931252032,0
300972613,1,0.7761167164759203,0.0722900815596301,0
9054370,1,3.1899594642233366,0.0311560841190465,0
316769815,1,1.7122040382050383,0.0909255414314301,1
69888530,1,10.351694710752938,0.0446346851686009,0
220523550,1,13.496423130481556,0.0167990606795971,0
219238496,1,6.505432358942543,0.0335749394293354,0
3816260,1,13.127870896995152,0.0171370597543379,0
308225941,1,1.5194621116938307,0.0565025199628393,1
231061733,1,2.3982070796052493,0.2488107982552057,1
231840927,1,1.635757471255504,0.0236050366061697,0
234518605,1,5.678459786410071,0.0262557717578352,0
215336287,1,2.5922850958110764,0.0974473151188037,1
259543079,1,40.30408043335788,0.0047439390459668,0
3921749,1,5.611221217104586,0.020237535468083,0
234347951,1,23.304775135580808,0.0084992734525412,0
279741942,1,14.21608229062151,0.0175791696833256,0
251858265,1,1.0572148304046036,0.0903312690965625,0
219998089,1,6.2021456686024745,0.0399604877347606,0
142177867,1,1.4352891964064876,0.0510443337709646,0
63941711,1,1.03874528823948,0.0755948932279624,0
299135660,1,5.769805249671965,0.0319007127388673,0
38937499,1,4.0555581745249984,0.0139518826916013,0
219984354,1,1.2382038862205549,0.1146262490945817,1
197908268,1,0.9131569345636836,0.0959610173957684,1
123405765,1,1.1497090869823523,0.06286084441792,1
164681172,1,4.9053187189423895,0.0285558422998379,0
231833061,1,26.187636977553574,0.0039902001124172,0
28051929,1,13.634681302881106,0.0215153025145177,0
10756751,1,3.4885321869801738,0.1128560518993203,1
220015845,1,26.33816505642217,0.0049245639660059,0
350954272,1,3.3239801889596974,0.1476849948424432,1
231851620,1,3.7168765979350495,0.0593472493824426,0
389754103,1,3.803474796201297,0.0587851497412899,0
197931263,1,2.5185891914473184,0.0850766139477936,0
39018208,1,6.649310381517553,0.0192963995278375,0
237342298,1,2.6920848623842266,0.0585538609666933,1
220567625,1,19.42660148738277,0.0163418389996694,0
389669796,1,8.47709577599197,0.0157916404487182,0
33912852,1,1.705000803595271,0.0463881461577566,0
389754101,1,3.803440346847314,0.0589976689510056,0
197886566,1,0.872142491641976,0.0653071023513409,0
146761368,1,1.8354380166778808,0.0748021040637101,1
178171080,1,6.501186408475799,0.0316720903280709,0
77030554,1,10.287184535710344,0.0335151888645433,0
100918213,1,0.51292651569302,0.085568891528685,1
111267340,1,1.270372744051729,0.0655447085766339,0
220430912,1,2.0326671203398257,0.1070655894053278,1
234494090,1,1.9452414274326555,0.0316422234287652,0
41865879,1,6.882727972148732,0.1012637682710806,1
91638523,1,3.166434177836252,0.0656891592301949,0
327996089,1,2.1739308318447788,0.0446400106397736,0
13092260,1,13.245814373099131,0.0161384925646836,0
402112785,1,10.940727737161763,0.3317109721400989,0
259675295,1,2.2322261492959434,0.097053213912142,1
332488398,1,2.083573203933275,0.0383517483230997,0
33665328,1,2.0539338517379018,0.0623790162997559,0
38699825,1,2.0846441474784188,0.1146094192548019,1
244163413,1,1.788045835588628,0.0561139010002705,0
266735682,1,1.1352356377624278,0.1208186248347924,1
401889117,1,6.586207382599117,0.0236342994098398,0
159897979,1,14.054959237400016,0.0237177621132634,0
349835367,1,3.3408226585444702,0.1091036039749311,1
220521199,1,0.7288498282560123,0.1557402613228082,1
215403644,1,2.1963465314809256,0.1086801980878628,1
116417661,1,2.2776723825213283,0.0671478848087505,0
10838695,1,2.30612330964396,0.0960214571373312,1
391902612,1,4.552150234730841,0.08840057541605,1
401869914,1,2.6082825472855524,0.1034774534510993,1
100029948,1,2.7775647263210104,0.0427016000162924,0
129764561,1,2.4348772249484663,0.114814329835131,1
79548760,1,7.971970957139008,0.0239483845031488,0
207200487,1,2.504392655824329,0.1025524787911753,1
183596242,1,0.4455951554025243,0.101063850987238,1
206468815,1,7.370349317653017,0.0237058127633615,0
259589049,1,9.968200949252536,0.0237458911302469,0
198037741,1,0.7799847891063135,0.1552239122035235,1
287351976,1,1.9219583244403144,0.1125237331411043,1
301022235,1,1.872221051487076,0.1239839092024017,1
91542943,1,5.326694918577761,0.0198326832574322,0
266770712,1,0.7904541245543982,0.1465140674000177,1
259373684,1,21.686787135107927,0.0033296126465521,0
281498280,1,0.7506327816253408,0.0504607052370403,0
117549840,1,0.6660209087009643,0.0630156137557986,0
358232450,1,1.6697713509073713,0.1107719917028251,1
270622446,1,2.4450689382628417,0.0878047435695889,1
24704862,1,17.20049915152622,0.0489086614261039,0
349907707,1,5.133150228542491,0.0551398403144468,1
31653503,1,6.680629927946375,0.0873823949164142,1
300654002,1,2.758142598521116,0.1292327601675483,1
273792220,1,1.9879086662171568,0.0413349187788649,0
339607421,1,2.4382283204660125,0.0416101859121641,0
114819301,1,9.772981845831197,0.0094861935631026,0
69949079,1,13.05590277015578,0.1117924073050393,1
31796120,1,1.9941898549146564,0.0790501240170136,1
4629065,1,11.794327019999995,0.0279097592871185,0
200440270,1,1.078876120733699,0.0955925512496996,1
121078334,1,0.9285756557623548,0.1146066323719561,1
301407485,1,2.6641342831625305,0.082998230985183,1
200363295,1,0.753186551707283,0.0975606086227026,1
77158150,1,2.4869478793574284,0.063296610054751,0
381167995,1,0.8242595791362433,0.2003597235088212,1
144598282,1,0.6606693655112915,0.1071094951794389,1
231809798,1,0.9056737049221324,0.0487980638865427,0
453828066,1,9.13451950063435,0.0384142198655464,0
461713146,1,4.9792348724223485,0.11209779547117,1
404477044,1,3.5517039345294608,0.0593284910030044,0
35743561,1,2.7207961169829127,0.1173725973927813,1
318887874,1,2.974679838987641,0.1169326744074689,1
261332760,1,5.672733506681987,0.0356045486104933,0
77209028,1,1.1377695157120105,0.065699062242882,1
301405723,1,0.9427072245568032,0.1431571443515006,1
65448527,1,0.6678304203544538,0.1345014716736984,1
259701720,1,3.9720030199830414,0.0992047554830409,1
347545091,1,4.393896168860561,0.1186582689224948,1
144539611,1,3.9809609499725727,0.0267118087977037,0
121156576,1,7.9497565907145855,0.0543043737304552,0
425077106,1,2.2322161602802453,0.0992525448193205,1
146688260,1,0.5030694288382576,0.1060972825160541,1
387544749,1,2.8196170676805505,0.1583049298003593,0
200297691,1,6.978871142573867,0.1043336472127118,1
170635351,1,13.65189853895573,0.0689616957420458,1
347545020,1,2.7807106849662526,0.0700225153717623,0
302457456,1,0.9751629209017496,0.1375928797972681,1
166874908,1,2.1893104685880385,0.0844482917849188,1
35101462,1,4.172901532124199,0.0259185704214679,0
7695666,1,17.553700894345678,0.0151771539402095,0
161638713,1,12.61653578325522,0.0412647120161498,0
98853987,1,2.7284202584403694,0.0781196827685074,1
250387838,1,6.8862415697870345,0.0205442437711024,0
143022688,1,1.566160383915892,0.0387721629244005,0
219362976,1,15.954389632941265,0.0068559225871148,0
66572840,1,5.756911872356008,0.0329251397892741,0
142929481,1,1.1467361061229309,0.0669127700778932,1
88479623,1,0.9182031689955632,0.0746321284120034,1
369370898,1,1.7104489353460837,0.0597709501780306,0
219421171,1,8.302977031461277,0.0233634318141664,0
98853990,1,2.728371489446184,0.0742055828257595,0
279097963,1,10.524222704996498,0.0209769705233415,0
33834253,1,3.2320815122625306,0.1146642796423355,1
38588414,1,3.964236373423186,0.0340055310633599,0
12529950,1,2.4004336868118874,0.0246769798632372,0
4723156,1,9.490105417353403,0.0094717181390848,0
259470701,1,2.543026826544313,0.058177899923549,1
88571421,1,3.190532823752142,0.0329111375759576,0
88380001,1,4.433232363474363,0.0184967682438497,0
121048789,1,1.2882459787436145,0.0486964016190313,0
251087387,1,3.0249035552354924,0.0510011148288594,0
178242590,1,1.3019741063716403,0.0778855097246247,1
422844353,1,13.269389740036006,0.0138470670679832,0
178284729,1,2.2359849301824632,0.0195678634063802,0
4742129,1,2.072016280766349,0.0452094757488551,0
142852841,1,3.4208469157577475,0.0223496194884286,0
153742549,1,6.070481504295263,0.035238822760336,0
361993750,1,1.5991688631987349,0.0387401419376872,0
161577376,1,8.284459381253345,0.0191731043047174,0
358335586,1,1.2212853257418028,0.1360537418932139,1
89045042,1,12.642751624272895,0.0091874000769578,0
231293332,1,3.5757197959682303,0.0349456849407473,0
257691369,1,85.85156446785984,0.0018619438490016,0
153709888,1,2.1663476367871137,0.062294343873156,0
279454212,1,11.761213042999485,0.0116232887510538,0
153741139,1,16.588176965451456,0.0206533687999836,0
170749770,1,5.30554928783717,0.0462620841184022,0
302384263,1,6.711232194940053,0.0139150634851072,0
64108432,1,2.778707666558484,0.0445939932042155,0
237944385,1,4.425009077720092,0.0162934295144181,0
317411334,1,2.8973082278297966,0.0385061271334113,0
201497357,1,2.8721397521533847,0.0600940609134267,0
291385340,1,15.719624456334891,0.0141785650432952,0
11286209,1,1.1909335650978932,0.1496420348215041,1
238162238,1,2.4374384353776186,0.0326884188006525,0
264594193,1,2.228902589619065,0.0690689549740118,0
142677613,1,6.182641321732322,0.0377633482944881,0
301485937,1,10.654652637918463,0.0399463565099484,0
124199788,1,2.3521756151762903,0.0215411800419833,0
96799506,1,6.545700098572329,0.0315833381634721,0
142409400,1,1.3869149539837278,0.0453216136661787,0
238896431,1,16.246172580893614,0.0296145448983354,0
167671107,1,3.649794795553761,0.0413548600034967,0
60479151,1,0.8378759138481815,0.0747074344323697,1
53059882,1,8.958217732477841,0.0249149959075333,0
12158853,1,1.2623790727496909,0.0404322939832557,0
50528312,1,5.273488981464031,0.0227502613047859,0
264592553,1,4.555201526387658,0.0260518711615002,0
365694569,1,9.034967985600616,0.0254953937094627,0
39818458,1,3.815699491374253,0.0254608624162326,0
35481236,1,1.8434406733257025,0.0740580428619457,1
172361463,1,17.94177124508165,0.0153049145438819,0
299906906,1,1.5369280175645093,0.0332853735742887,0
52641430,1,1.6700756673446018,0.0251812971981186,1
220315592,1,1.9711997567836503,0.0581222380355068,0
427398881,1,13.549575093646526,0.018262437231042,0
464838153,1,3.8729188088022553,0.058214143188104,0
42991745,1,1.4218117097115006,0.0821355602915577,1
157751050,1,2.5798992627934627,0.0498645968274074,0
32759110,1,4.077035945717348,0.0128105169420393,0
172462064,1,23.89344998059073,0.0078137174400244,0
427394772,1,6.470783764256264,0.0744660269394364,0
25188036,1,3.3928520658032344,0.0535793285147504,0
231972938,1,1.5508495991890707,0.0523501081688578,0
140212820,1,0.7776762728248846,0.0850228035878917,0
143171265,1,1.1411026370600312,0.0374510918335518,1
33742428,1,4.978212100236445,0.0696510501999664,1
14081980,1,2.9191488245012014,0.049122917407039,0
52276229,1,2.5155553446801187,0.0267064044145646,0
156241056,1,1.7801491975002108,0.0734504931779783,1
117739806,1,5.620368583286727,0.0285632883300203,0
317191077,1,2.191786460914775,0.0572290198439838,1
267195931,1,4.37015533446275,0.0495984354440542,0
322650462,1,0.9792733915546088,0.0853982766222538,0
443117794,1,6.293959792243196,0.0230128482928808,0
168191566,1,4.118761259130412,0.1244738467024609,1
436158814,1,7.214895404934957,0.0109177782999992,0
11756637,1,4.3064103003272765,0.022732737979456,0
156758188,1,2.0973245349749114,0.10326759753761,1
176406202,1,1.5144824325994106,0.1322336930342819,0
220318793,1,2.7760940979926017,0.0139441910846973,0
282270717,1,2.7405122581334544,0.1080262396157709,1
38678931,1,6.284753251740455,0.0149808918672001,0
72782654,1,6.631432331136597,0.0412315029158992,0
42828781,1,2.9429254129961406,0.0972579699257518,1
167747439,1,6.130971616015178,0.0522255653083211,0
123902605,1,6.216698847273536,0.0329758269077078,0
231822771,1,2.0147971439289063,0.0600934427065428,0
232030067,1,3.9690316152913527,0.0488976105719093,0
160328766,1,10.317649481241766,0.0290369751931639,0
49701947,1,5.777948432026902,0.017174744992472,0
255700967,1,6.851234142798343,0.0237808767196765,0
279640088,1,5.926845638715188,0.0529582138389348,0
52641431,1,1.6712973568193363,0.0397796498347862,0
33864821,1,0.8104650260994821,0.0711791560945911,0
220082557,1,2.257077210214736,0.097274095435544,1
287841093,1,17.70324811144936,0.0130977209987963,0
176591772,1,7.758581380165317,0.0173029651403499,0
31303242,1,7.055069997855933,0.0356246790704012,0
180943676,1,8.418218550943093,0.0148834723149153,0
443055162,1,8.167539463875459,0.0304352851786282,0
33419790,1,2.0162718948950635,0.0879661372822909,1
172742334,1,7.564779935255685,0.021416471068307,0
78568736,1,8.219787735005955,0.0213277322156889,0
38023570,1,1.2215650580112845,0.036021442278554,0
37606218,1,7.835854454657059,0.0281633629567957,0
234211934,1,1.0649344631589504,0.0594885206883386,0
355357949,1,1.4604272515346362,0.0622199250984142,1
31054255,1,0.8738719893052855,0.0255538668871573,0
52924466,1,37.268309000563455,0.0024957704615882,0
232185093,1,4.469155369039172,0.0244855316882016,0
123573766,1,6.635071130329683,0.0130855042672651,0
124106762,1,4.186910416463405,0.0391565662792982,0
146879345,1,3.01355799981718,0.0540638546320282,0
100917608,1,4.12379006619408,0.0624665307810297,0
255565860,1,2.2059179034630496,0.0478176999232928,0
436243444,1,1.358439921452666,0.0502099289829627,0
438071843,1,5.2415015512941485,0.0165704083699727,0
119461266,1,2.9462458440612727,0.0659016107203886,0
436103335,1,7.704285422800921,0.1073540777967678,0
317330474,1,12.207654416900876,0.0083044403168281,0
319467578,1,2.365000370340709,0.0343346850425634,0
284909275,1,4.597220428110048,0.0400903490225916,0
33689349,1,3.4978978362144897,0.051336573519958,0
140659978,1,9.440095440989992,0.0152426952038782,0
350297040,1,10.873919613836277,0.0152812435497434,0
153166843,1,1.9316636621766752,0.0665541933820005,0
346429188,1,0.3311381767107672,0.1906412615052019,1
37601240,1,0.7313791459210315,0.1530864148845737,1
424992973,1,6.925345701079545,0.0202261170853491,0
234933888,1,6.911349000613677,0.0456605479555778,0
144695651,1,5.2978379311159935,0.0413792819416287,0
48658291,1,3.1757735361254595,0.0476776857906774,0
255548311,1,4.963840944929419,0.0187923298081679,0
138857475,1,12.939287758259931,0.0212656376594885,0
234874474,1,1.3159893903183626,0.1120004978481739,1
143234741,1,1.917873371406616,0.0391200537986341,0
219403686,1,0.7602517978499032,0.0374743495300279,0
307016006,1,3.306635182916753,0.1554894077507386,0
134283998,1,0.6188380784702587,0.1545024104514304,1
88916475,1,11.29947667084394,0.0168023040985226,0
125497512,1,1.27311666810982,0.277784668867664,1
32932888,1,1.533869574839677,0.154436531051875,1
51155192,1,3.224057898247074,0.0944700346411507,1
155813907,1,2.2432062274133338,0.080335810252854,1
388086679,1,5.592202731105669,0.0357031752827891,0
143318403,1,0.7252495753868168,0.1137270282455037,1
425223388,1,3.621886375866189,0.0590731920463241,1
33194538,1,6.050238927670572,0.1056858657994869,1
55489734,1,13.015134704971926,0.0318208444316508,0
150282779,1,5.759379307416467,0.0976630846894194,1
6518047,1,1.851331928723453,0.0777694807941624,0
262696097,1,0.91122193838799,0.1103555148456661,1
149319411,1,4.752126196889077,0.0496721392619199,0
112236473,1,10.278941038832675,0.0289614912071289,0
142080812,1,1.0580716375488737,0.1178271652824904,1
78450017,1,1.8875010486853507,0.0306858763103951,0
318573150,1,5.740451661573327,0.045465054679593,0
169770571,1,1.8461945213747928,0.0701517010866447,1
155884454,1,0.9797833937330084,0.0951601042369706,1
22766107,1,1.7262793576541222,0.0310051642712441,0
51104846,1,2.904301164868885,0.0508486614115764,0
468958384,1,1.5351683635414457,0.0921175475959202,1
126446153,1,4.210275428685693,0.0845862431199738,1
134522557,1,5.727541290155298,0.0259084082347786,0
126586580,1,3.927333194822507,0.1033216862199168,1
125501325,1,4.383750109311735,0.0510423553949357,0
124712820,1,0.8256717315345414,0.0486706433938082,0
124712813,1,0.8256579979243542,0.0528126440076736,0
319558164,1,8.979884514622901,0.0181200066900593,0
27654882,1,2.2313010198091865,0.0453540208504623,0
455178154,1,8.289476824629594,0.078375862872793,0
296184440,1,3.744190460314445,0.0500746670418756,0
114547549,1,3.867980146118738,0.1277067997828666,1
11070365,1,0.9020850610040776,0.1762316858796553,1
259070502,1,11.200834936538405,0.1264962984975165,0
19193162,1,5.691657688458147,0.0452393385909463,0
14709809,1,9.391070334860858,0.0943931972412628,1
173756330,1,1.7534658214249064,0.127673569757919,1
271013213,1,0.6195431586910168,0.1411351564105674,1
440788366,1,1.5482769146685262,0.068939533176337,1
177960771,1,22.41500648802569,0.0303277686327153,0
66102144,1,2.292729120774283,0.067941281539759,1
18915591,1,6.985640091641586,0.0537338854047986,0
319011894,1,8.290937778187137,0.0362477451524064,0
306651396,1,2.7149973104603577,0.0595713088539342,0
452895993,1,3.3374514987959056,0.0453309251351163,1
7211118,1,1.446260879197122,0.096089949776318,1
278826996,1,19.168974575735646,0.0129321264497499,0
125175122,1,9.6476573389984,0.0490002597646923,0
80556181,1,2.8195817169353794,0.0654053009877493,0
319863494,1,5.13547498223705,0.064866227910341,0
60284401,1,10.129073490857644,0.0491133196048495,0
425166925,1,5.728294430327683,0.1294965005084233,1
124950413,1,5.789889719850593,0.0258194450052022,0
50758245,1,4.514734719507804,0.0507559323915205,1
281341249,1,4.3811448540129865,0.0415745046520733,0
64608449,1,2.2502465059726755,0.1280285726885401,1
437212966,1,3.131390267389629,0.0449453662299367,0
173077938,1,0.6485283296545229,0.0992681378485058,0
173038281,1,4.308048136287918,0.0203970156758402,0
468948126,1,2.3064104088071105,0.0705055820351043,1
452845139,1,3.3488261147875207,0.0351726051769514,0
80650858,1,1.9158693234760709,0.0894248358752871,1
130876312,1,7.939975515610445,0.0599576664050622,0
129268651,1,5.9631944907317,0.0173885043121799,0
66509654,1,5.289573039312922,0.0131661218686307,0
64783257,1,3.855117767733922,0.0233273783180039,0
284613090,1,11.554838598581137,0.0233306532322529,0
168426455,1,3.867151780302277,0.0428529068244981,0
63579446,1,5.582894856042151,0.0445502287319763,0
425172025,1,3.2690037025374625,0.0475648633510508,0
182469311,1,6.029861438374367,0.0170154139150483,0
468958374,1,1.535106349425552,0.0924776106416351,1
307304908,1,2.827871805664328,0.0794415213322603,1
150284425,1,3.004446192837128,0.0531579702744536,0
455153566,1,0.5997513624895832,0.1041881949957191,1
409319605,1,1.1359601138188349,0.1293055833222474,1
66602813,1,2.764074003601624,0.0474444398608098,0
123153249,1,5.878423848793728,0.1764209138877474,1
147102369,1,4.127097513452564,0.0366544457789258,0
173756896,1,11.340866182710071,0.0192644096367443,0
63192395,1,3.0649390079212417,0.0845446708928514,1
156325724,1,11.725090669989044,0.0322504574581522,0
145762697,1,9.066397548503772,0.0210568276573331,0
178051504,1,1.4631077156814845,0.1047787752934392,1
56023695,1,8.17833545416263,0.0923469665845514,1
48880872,1,2.1874974990172835,0.0486781594332665,0
238896417,1,16.24423485179271,0.0251840034749502,0
398221405,1,2.1089351353624943,0.0310246591460112,0
12012992,1,0.9011728850542048,0.0802077981766816,1
60655023,1,1.1156522944527052,0.061945378805449,1
453059861,1,0.7720540956951788,0.1110524631329729,1
182776916,1,1.2262886879340558,0.1988928064464388,1
423363853,1,8.829823063179495,0.0147796305688391,0
386431674,1,17.480445802064366,0.0102430641976906,0
60979860,1,2.387063106680497,0.0856960945736263,0
289670788,1,1.9557549438934112,0.0898244714812568,1
185805011,1,2.0052089290768342,0.0571681798201464,0
22538139,1,4.632866831717137,0.0416692533836314,0
62761513,1,2.094324055504323,0.0805914636099677,0
80025900,1,4.058274274086975,0.0416474333103434,0
175182754,1,3.8093293636622336,0.0437856098165128,0
410245402,1,3.0005282293313105,0.0571272617749283,0
405391996,1,1.2854909170204531,0.0540727819614786,0
283698250,1,1.003657253089438,0.0601728432904767,0
2353789,1,1.871700004199874,0.0498447307627732,0
289596375,1,7.259975232482782,0.0267002445487068,0
146601322,1,0.9869950094679584,0.1095372290829408,1
413024324,1,1.1511768974021963,0.0415283753641049,1
270648838,1,7.6353274013262205,0.0204847657697746,0
393344055,1,1.5093420050469388,0.1289103646053342,1
408351795,1,3.6761525731786153,0.0488220353461175,0
348759510,1,3.7161348192172863,0.0224539982545328,0
186544053,1,8.911256021165038,0.007522178793576,0
78151317,1,1.4391229437874606,0.0828502212582231,1
46908113,1,3.0116262418829267,0.0394485957475677,0
377060843,1,20.93217535054384,0.0184602964439501,0
386437695,1,3.5744214507754504,0.0410744844469799,0
74528791,1,1.802075472500064,0.0966049029354521,1
1202347,1,4.150502462036625,0.0346449566313021,0
415434817,1,1.6622142519050418,0.1002581682232101,1
262605041,1,3.666328454693368,0.019855655136821,0
146039664,1,17.836858383569048,0.0128279129009917,0
423279462,1,3.0724445390636186,0.0476202191387383,0
47175622,1,1.5233777377946651,0.0497962270212798,0
185980914,1,3.491599900622324,0.0968470431821275,1
51325134,1,1.599614728078829,0.0891019888360959,1
277712294,1,2.8922810240460883,0.0353272649697937,0
415528958,1,11.042364503142462,0.0174105808831628,0
347506869,1,10.31496578497016,0.0525658074518556,0
142742998,1,3.0962042576598625,0.0404212880709213,0
14307980,1,0.8974226186011917,0.0846644298422468,1
146601318,1,0.9869835852515788,0.1075920708977884,1
386262459,1,2.6672302831250683,0.029884782651347,0
5364915,1,11.144805509605192,0.0177540952395666,0
55408994,1,13.254261719919835,0.031708318332224,0
305536358,1,0.5464738475571806,0.1354644233005815,1
78234838,1,1.9743377494672496,0.0361729740508852,0
289597948,1,5.51290087922699,0.030157951428725,0
96106862,1,5.379793636935887,0.0179039287006949,0
145586291,1,4.016745856237123,0.041716768597436,0
191926695,1,1.9350002893971308,0.0520069499252917,0
95867802,1,2.281698356479544,0.1081177980494636,1
83113607,1,4.443780743046839,0.0529252485366184,0
21639186,1,4.729727619117322,0.0742701248868203,0
389667572,1,6.371101865044622,0.0432218431278887,0
371108287,1,0.8686292576228337,0.1008750826653914,0
450918869,1,4.2247759384617245,0.0437074563914707,0
141663326,1,6.654653566352126,0.0129649621285157,0
275697259,1,0.5792544995156453,0.1389558367675544,1
101462,1,4.173981511271934,0.0188873499267278,0
258839862,1,4.6539953905021525,0.0710612862838706,1
243391162,1,1.5171517012105151,0.0554103896251266,0
412941718,1,0.8589770350221606,0.1004987887175771,0
423220124,1,1.5051151948427848,0.0936713634613735,1
349483495,1,1.9978092112560129,0.0343146801613305,0
407067592,1,7.771880401321051,0.2222338577055724,0
254039358,1,1.4956247916286949,0.0345670893635872,0
406238813,1,29.230305280731248,0.0144627007534179,0
258271315,1,2.6436389137668312,0.0757518647879837,0
311062274,1,8.19006879457941,0.0310053429654347,0
148392309,1,2.791556081926986,0.1492878482905955,1
313028417,1,8.025976374675704,0.1372743936094155,1
409056401,1,5.005613632830623,0.1542998783132905,0
25226885,1,1.6320461474902457,0.0755955167060156,1
229057817,1,8.182101825500297,0.1073319770803388,1
126602778,1,0.7121197877981512,0.1593292097998065,1
143924219,1,2.820100080794105,0.0365245646604754,0
279314488,1,1.8325567102083444,0.0656784619761161,1
403153647,1,5.337744679505251,0.0400786829816459,0
139188326,1,0.5883807668346452,0.0989393050425173,1
441422220,1,3.700142013416924,0.0426027415980361,0
139699256,1,5.95271498274943,0.0669253226298905,0
33862174,1,1.4145298373457136,0.1303264830503427,1
214198381,1,10.681672449599576,0.0996605049540264,1
394585218,1,3.964282877747705,0.040534751965889,0
265591866,1,2.280758768054401,0.1169077066852305,1
265489698,1,1.1554695745600376,0.0969386333364916,1
277649549,1,14.490460795202734,0.011627882758433,0
262958558,1,3.5360981175648187,0.0943140555849926,1
389476160,1,1.6287088637166598,0.0711206039367026,0
253928535,1,2.24926800931944,0.0412632612774785,0
265613590,1,4.818013308645113,0.0397297144324378,0
389726435,1,2.0861822245188693,0.1429944094518749,1
139825840,1,7.688163428249839,0.0655173401570948,1
201256771,1,3.7617400618689416,0.0694639670226762,0
234491752,1,0.8658398268880939,0.1370045240422489,1
79225651,1,1.7855779808558618,0.0584176519627926,0
278784173,1,1.4948338127000949,0.0157480016445977,0
219308281,1,2.85736975894982,0.1054991647663068,1
144000467,1,8.883159248421924,0.022426082141429,0
139841210,1,1.4890014705171102,0.0666651257486532,0
394006752,1,0.4548848562429277,0.1144725175273988,1
126945917,1,1.3410546750583632,0.1361755957453941,1
139721086,1,8.973735093563267,0.0191708512057015,0
441406061,1,3.0182392245099803,0.1071206345941314,1
152223725,1,4.436174199524619,0.1064325853589004,1
89018905,1,3.143034074608348,0.04902670340169,0
70442570,1,11.526922921777256,0.0390121298569016,0
92628706,1,18.405016686414324,0.0089576393736191,0
269762258,1,1.3245938840876568,0.035006993333584,0
201234926,1,14.094628306180038,0.0086696299413583,0
115115136,1,3.9569948788795752,0.0469881482935627,0
181043970,1,0.8709146568860662,0.1326825612717649,1
92349924,1,8.799394028283965,0.0096116870573619,0
144462697,1,1.2340071428107615,0.1188633090518381,1
63280198,1,2.0482546210776427,0.3693139026034594,1
253922296,1,3.141545985143096,0.0414161694630211,1
220388567,1,3.6453464522810175,0.0562774219569505,0
206556127,1,2.211015507805397,0.0362088078412301,0
266996791,1,2.1238668144367407,0.116331351488223,1
326356701,1,1.1121568568318123,0.1165897393391165,1
201176965,1,1.3640184846492465,0.1167224625661838,1
237332597,1,2.927430307630483,0.0505100747781114,0
160036449,1,1.893174501029444,0.1034121523005968,1
126763885,1,4.357392839676822,0.0343723921955821,0
278706358,1,6.902522909199137,0.026214089752357,0
126944775,1,2.6958894778701508,0.0714304230915851,0
139128537,1,1.5780589892239425,0.049908857607972,0
261656371,1,7.195309448086793,0.0306569856171493,0
406276109,1,7.547048779060446,0.0085571129319482,0
214517366,1,24.95305834631301,0.2121529872776253,0
219328784,1,1.96810311456688,0.3577094049254609,1
204497617,1,1.5891720104158538,0.07723664853875,0
201293780,1,0.9377425644439594,0.0603626733482741,0
206462116,1,2.9674214332105406,0.0550858165268908,0
358457398,1,2.275666820240433,0.1182925488592899,1
270166263,1,15.312541214842932,0.0087225753101779,0
214299966,1,3.067176704355848,0.0284371493396814,0
121420805,1,1.7168856569265734,0.1143455605127354,1
197570458,1,7.617915551475006,0.0075871153724555,0
147201138,1,1.8805348180305703,0.1247840429873937,1
301980639,1,4.7830501338463804,0.0231291491563001,0
44623916,1,0.9447293696723328,0.1618063454867208,1
62762261,1,19.15883500517764,0.0176144197724706,0
219322317,1,8.5448392906174,0.0200418458949183,0
381854774,1,1.6445292839599752,0.0421986101324824,0
300903537,1,5.8232216357935735,0.0176195576176702,0
117544915,1,2.968452032519855,0.0802029387801003,1
197766143,1,5.205936063606046,0.0975702725141407,1
54001270,1,2.349099379201273,0.124302394684939,1
29478974,1,12.45328728213775,0.0104989845695129,0
231714759,1,5.461305879101782,0.0819236885428945,1
229808144,1,11.610278060445578,0.0158438288854562,0
97402522,1,0.8007240529029089,0.0423043889461771,0
92594505,1,22.869970497501267,0.0051877948339673,0
325205605,1,4.248491772659397,0.0505698392715429,0
207080350,1,9.107305900777764,0.0232292097025349,0
350190639,1,1.8672567088366645,0.0351329102768018,0
231860752,1,1.959741228843704,0.053319610663803,1
219338651,1,1.2658396041687467,0.1367163772945065,1
401926767,1,13.60205338920331,0.0133283944977419,0
56127811,1,3.723612521327315,0.0451993299501445,0
445921773,1,2.4309689272062567,0.1163075581259177,1
231973885,1,2.894658260564277,0.1138282747273323,1
231921891,1,1.6992713630919645,0.0735703740337317,1
31107108,1,4.048196522134246,0.1125115125019734,1
244252435,1,1.8871287808798551,0.021303335400285,0
9381557,1,11.82214813143074,0.0545274480545694,0
310308203,1,2.6942339687220658,0.1310185302557354,1
117879940,1,2.261993970635558,0.0483865041192806,1
117925262,1,0.6012888982509382,0.0988993573249648,1
220402290,1,0.7852363868283779,0.1537640793980863,1
213047427,1,8.800106160579352,0.0207779001530864,0
333642126,1,9.653226895326409,0.0136544095181716,0
146522930,1,1.0876046375923274,0.0631404393360183,0
245863693,1,1.077402979396472,0.0770646703923055,0
117648603,1,9.29828626635739,0.0893245468253423,1
250196734,1,7.703953884054438,0.0145802051677058,0
167673218,1,17.965104921456724,0.0660321467560233,1
146439804,1,28.506584435673968,0.2987088858263266,0
139701741,1,2.6303776052612395,0.1081892661313931,1
426588729,1,2.425855121425676,0.057246367657751,1
219173590,1,7.650685705704664,0.1023177033012904,1
13325340,1,0.89309110134915,0.1153732148204744,1
121595243,1,1.057590850809902,0.0685004277911986,0
248403190,1,1.550957200684607,0.1099538417408823,1
32702481,1,1.8977979221848955,0.0507199361422793,0
9380768,1,1.6222184007566904,0.058376707096741,0
20176492,1,2.2213017612817847,0.1213835191436587,1
178858648,1,8.946456029420363,0.0367043344976222,0
37817410,1,2.606139299616652,0.0992969482097503,1
146597035,1,4.400148820573597,0.0324492017400757,0
1220444,1,7.162065599044558,0.0197769148555695,0
362043085,1,6.861594342429759,0.0246500207406137,0
146344020,1,2.493918033678606,0.0291787654222024,0
283677584,1,1.8592369146418428,0.0888740981710141,1
442918617,1,1.6642507285567734,0.0690428112793269,0
393803650,1,6.767470624711144,0.1294977544984444,1
167756615,1,19.42967953730745,0.0234704334937895,0
67719432,1,1.001706274097123,0.0830521583850071,1
24522770,1,2.1313402766470024,0.0529529337738716,1
399664959,1,2.077530043093532,0.0505725193406771,1
178996712,1,2.9822422269517683,0.0356880366944071,0
468887783,1,4.52943350670267,0.0454442784402654,0
167717848,1,5.064015013864048,0.104160501869723,1
149861542,1,3.658635225642544,0.0550866643737983,0
43648757,1,2.6989628619042643,0.0454558496910988,0
20095466,1,0.211849665213184,0.124492613607073,0
38677487,1,4.080930493452337,0.0349207631318398,0
316918055,1,0.8084718153026085,0.0803484139692156,0
432610098,1,3.5615086095551702,0.0443720403940859,0
24433067,1,6.186407086938198,0.0652150973166693,0
311128363,1,3.3874100199010337,0.0786891684008815,1
373364179,1,3.747612655432692,0.030371843357927,0
9433212,1,5.0134479602901125,0.0186837976727739,0
56128191,1,6.223860095654651,0.0141195859314035,0
67688552,1,1.4621433851057504,0.0666348963994911,0
200440175,1,1.826003883152275,0.075074230898213,1
146559012,1,5.281952320117937,0.0198829913577276,0
13957444,1,3.740436266117541,0.0359354253952993,0
67186251,1,1.149457571055046,0.0690088535450413,1
262173985,1,1.1127725236648331,0.236469931505828,1
210116141,1,0.7243450103425019,0.1435420397829028,1
408068720,1,0.5797644025933262,0.0842049322175891,1
198051336,1,0.6419054960959854,0.1483218704349179,1
79565128,1,1.6231744329371351,0.1120957076501009,1
70555928,1,6.114081381493852,0.0842198564350895,1
63818344,1,1.5772719696205533,0.1072142660872532,1
287175225,1,0.4859539469483273,0.1545604618268639,1
180724703,1,1.1226131927042549,0.1510035899384735,1
41896812,1,1.2608353451490586,0.1186491615648729,1
346338553,1,4.465493998230053,0.0258240256997813,0
139256217,1,2.1992266708208468,0.063623123158128,1
95778110,1,1.5324408335494824,0.0652661065233093,0
233058265,1,26.28115167123952,0.073766037665748,0
256865831,1,4.0605257068625535,0.0345134385745782,0
364186087,1,2.4523554530606955,0.0443979598778551,0
8592033,1,4.343590326579395,0.1274710764162248,1
258177999,1,5.3968072111050365,0.025612521560667,0
57229803,1,3.6497410925915847,0.0339140464300188,0
24077469,1,5.295986073944169,0.0361467905454205,0
283939331,1,3.5200154686119247,0.0321342591285627,0
237234024,1,1.895976540378268,0.0506190848184291,0
233006806,1,1.5112536101589555,0.0510624167041531,1
17468122,1,4.933896993646679,0.0319903316144167,0
232617358,1,2.229329306367116,0.0576597821245397,0
161685680,1,3.739223394173032,0.0202140961547893,0
431555426,1,1.7786393340198168,0.0805872922812465,1
275423476,1,2.928940727897855,0.0506050565819714,0
388431711,1,3.7538106306214254,0.0381259831941919,0
232632890,1,1.3492614993209844,0.0522679936772981,1
445879719,1,5.116727148726113,0.0768502752583766,0
456033358,1,12.057048391911554,0.0117452726931471,0
39903672,1,3.0312218892304337,0.0242324833405392,0
321864797,1,13.235188519042731,0.0101124439569908,0
233531814,1,2.704055568554933,0.0305929804490922,0
320524751,1,8.952221161458617,0.0177862302701878,0
265274458,1,2.997915063835125,0.0527398201853023,0
230016502,1,2.960493168014596,0.0498489337598391,0
256516208,1,3.5725364682105645,0.0271361718007117,0
445882146,1,3.752670213721723,0.0236641476029797,0
198366673,1,1.7599203540635182,0.0747949695498333,0
284350181,1,18.894403758239328,0.0091267296911661,0
371991062,1,8.90601542528298,0.0452663324800214,0
418221292,1,3.3955460873435217,0.0431933208758358,0
368334916,1,23.51410593234176,0.0050469625893089,0
355792204,1,1.172955725888289,0.1286258509041237,1
229503517,1,3.975751218960194,0.0219751255937774,0
219095755,1,8.906648941148514,0.0121059343242569,0
378042585,1,3.2610669832188903,0.1120050519446796,1
459278502,1,15.852277261854024,0.0368051614596952,0
314702305,1,2.92996202669402,0.0557879956096978,0
236387002,1,7.200931281139523,0.0114185022732702,0
157376469,1,1.341205554224761,0.057223340898034,0
329118239,1,0.5633636948140708,0.1013681862580002,1
298264838,1,3.22590445297816,0.0536007314036995,0
364964726,1,2.0604317223577966,0.0450975448189071,0
229481183,1,4.344494578559273,0.031559842856186,0
255908136,1,3.825834601739491,0.0457567673687526,0
330847328,1,13.239027917070729,0.0127647322155358,0
387562256,1,5.186184116566777,0.0332006896503745,0
199708835,1,10.120137394785496,0.0246891153088578,0
165531514,1,3.105507183326184,0.0677083119982622,0
467294853,1,1.0881087926337818,0.0736655497087073,1
237290473,1,0.8324160739999288,0.0775068604899955,1
320333641,1,4.670676457836281,0.0306232458298619,0
233058262,1,26.278129633133936,0.0071425054739924,0
444827931,1,6.399119707740152,0.1032827210831929,1
310516902,1,1.6136021792905728,0.1266449155251675,1
57258016,1,19.69827593828064,0.0131522392455567,0
68901798,1,3.8601386074775537,0.0493638989549969,0
274945059,1,17.360080515624322,0.0306013494318072,0
237117591,1,6.796689804980577,0.037545255159447,0
387356770,1,3.476546279863463,0.0434696895804337,0
417734853,1,11.44622117911047,0.021924204880669,0
43273020,1,1.8412191466119168,0.0345683206284382,0
284457791,1,2.358824568238468,0.0511952696627636,0
428962300,1,2.941651479471304,0.0740578650037233,0
57232909,1,3.4098943977095573,0.046304529693992,0
377055044,1,1.4956561211410528,0.0615306635346921,0
229465075,1,14.263744071392036,0.0385780781193152,0
229616860,1,5.693274690772654,0.0194030890058073,0
359631418,1,1.3761485445190969,0.0404993228176279,0
354119540,1,1.7634653197924026,0.0628560136385212,0
337094559,1,1.7808158094204023,0.1341423681046173,1
229740848,1,3.0859294314364925,0.026018239243605,0
53963396,1,2.733626162565645,0.082133818080721,1
193994472,1,6.352150048943198,0.0311731161393261,0
188590080,1,6.494955535555463,0.0203209677924683,0
224308601,1,1.1949629305735106,0.0597239645265182,0
160603897,1,1.110095229087219,0.0706164164457689,0
387261279,1,8.440362415177253,0.0334996842873435,0
368452480,1,0.5495788766706927,0.1234896835925584,1
274238240,1,6.20625354811073,0.0402873452189385,0
219780464,1,2.0008691034319668,0.0339986484084248,0
237069277,1,2.9003466259040183,0.0516462827686059,0
371989318,1,3.819147752936552,0.1432053906485006,1
8624617,1,4.9057066522008,0.1150224799212483,1
233650330,1,5.218654951738576,0.0292853484462467,0
258108067,1,12.968712462542832,0.0160194872364484,0
233576872,1,1.5178213577375526,0.0928295602452887,1
219474870,1,3.866879262824925,0.0195893153189516,0
57256934,1,7.06318068177816,0.0327543645304102,0
346599599,1,1.5022775568811524,0.073891275248395,0
470208013,1,5.543026193219868,0.0492836185087917,0
31655792,1,0.4161053437635878,0.0843794092599843,1
32200310,1,0.3604376708899144,0.0864893000135474,1
51912829,1,0.8354048419926265,0.0559254150615223,1
52368472,1,0.3259717999583767,0.1276052346058285,1
79403459,1,0.4353346700274795,0.1434434582233169,1
89428764,1,0.3766094601505949,0.1517415549156227,1
91369561,1,3.983106421289023,0.1048311441038013,1
91448148,1,0.986354277811596,0.1322201689224915,1
99465976,1,0.6243709433247628,0.1570491784243662,1
99646802,1,0.7155581570947537,0.1335675180718373,1
115105140,1,0.4106860021404643,0.1660123961830713,1
117515123,1,0.2595402061129604,0.1380092732269039,1
126637765,1,0.2734501691336183,0.207983326799174,1
139148071,1,0.700794799590842,0.161187848933308,1
139207681,1,0.4936816217213702,0.1579666672559683,1
139700621,1,0.3467936647209978,0.0673185258965298,1
144194304,1,0.4834690245884442,0.0986542060520504,1
147083089,1,0.3627438365357748,0.1510501643260664,1
147131974,1,0.8016887051633356,0.1329737932630813,1
152825521,1,0.7431320164613138,0.1073883117865165,1
152926069,1,0.8032433062687849,0.2154298614751966,1
161262226,1,0.3073041182512513,0.1157653088405666,1
183979262,1,3.430801086259016,0.0343518391054992,0
197735761,1,0.6019570231343276,0.1446155820925994,1
200645730,1,0.2917216981875921,0.1484442644179354,1
201291281,1,0.8103626681045918,0.1689141978528386,1
206544316,1,0.3219472356912876,0.154191245926438,0
211412634,1,0.7535755054227051,0.1534639807403879,1
212344482,1,1.5050700657922824,0.1236721804837929,1
214299836,1,1.7424607056215395,0.1624286407302984,1
219328400,1,0.3390354077632066,0.2383399398485319,1
229804573,1,1.4640937705833297,0.1148575825106235,1
231629787,1,0.2665623914851014,0.2363182087599525,1
232063593,1,1.234986529601519,0.1913059702754704,1
234284556,1,1.1066197079543798,0.3670053236020947,1
234523599,1,3.795523474757024,0.0179265691947175,0
235000060,1,0.3577153550407225,0.0944457247434221,1
235000061,1,0.3577152504448284,0.0776198706875868,1
235009317,1,7.457252878497631,0.0195619581118815,0
259864042,1,0.4607861047595353,0.3949577008925422,0
263078276,1,0.2840349404171403,0.0851843967211673,1
267043786,1,0.5948354918567998,0.0936222779017655,1
276935996,1,4.250844727540154,0.1339644694590536,1
279254042,1,0.5968516664813877,0.0994263036742124,1
290547036,1,0.9031480847751872,0.1438268104261495,1
355544723,1,0.154526673255249,0.1697481088604536,1
355601553,1,0.4299469050269481,0.2455593775059339,1
355635441,1,0.3925830306194853,0.120226146311213,1
355651035,1,0.5842277883437325,0.1022142462603019,1
369218857,1,0.3275155199886617,0.125295396559156,1
381857817,1,0.7024237506078925,0.0970609872359047,1
389658055,1,0.3283472519675936,0.1329227063329312,1
393978805,1,0.421772384546166,0.1262123593864547,1
402065927,1,0.6314728839921628,0.2088994841218782,1
403136932,1,0.3028547690459746,0.166214095049703,1
410187905,1,0.9536760221241956,0.1270353849076148,1
410354930,1,2.59944363915858,0.1209313829823635,1
412063998,1,0.32658168018038,0.1636617856105925,1
419635446,1,0.3908187338551118,0.1373590460509901,1
441105436,1,0.3688966392702066,0.1040976952266645,1
441183795,1,0.6338895321355312,0.0992387417184044,1
441422527,1,2.9362611518046218,0.2734583294970827,1
469970988,1,1.3520398744226922,0.1758115863921778,1
469979014,1,1.162597841175252,0.1567786678959873,1
471013508,1,1.1625862671639409,0.1532249054014097,1
8989778,1,0.6127979313651339,0.1203823375721533,1
9033144,1,14.145160821979024,0.0086669002977372,0
9727392,1,4.534567929703335,0.0408362700958242,0
13068361,1,0.3073681449988683,0.1579376030405721,1
43398254,1,0.3016874935737247,0.1086783636396887,1
49735506,1,0.3300893729520178,0.2261603034036505,1
69838619,1,0.3833245105629506,0.1826067972402013,1
69889494,1,0.5090070713967808,0.1691071005976795,1
70761941,1,0.2654126599769576,0.0953634581423156,1
89543393,1,0.4707912176263216,0.2285546018799618,1
100100827,1,0.9414549156684436,0.0619597701934085,1
115443990,1,0.7553465242052829,0.1697650007407628,1
118826280,1,0.2465250178750169,0.0984714146214521,1
120414806,1,2.553050962234189,0.0916374423899695,1
120607386,1,0.4136143780040994,0.1644634014479646,1
155540827,1,3.650524866839115,0.0551219747535167,0
158536052,1,19.975691068920863,0.0115119758488239,0
158582802,1,1.08009289492358,0.0911204464690444,1
160065970,1,1.3681857198185363,0.0750817653167944,0
160081043,1,0.7687018079276473,0.133197878533869,1
160085375,1,1.4029856011789077,0.1090786464959961,1
167086201,1,2.1964143608534714,0.1140118788209021,1
175405906,1,2.012949033214032,0.1251360293598784,1
175458611,1,0.3360290280333521,0.1603481791582632,1
179985566,1,11.03499200840696,0.0217966076062232,0
183537458,1,0.4557864687403155,0.1065687403698801,1
188594653,1,0.3741054520218905,0.1047888669787265,1
188630094,1,0.8627316717500908,0.1424103965371179,1
201776479,1,0.3671507538786172,0.0740109662981983,1
201924791,1,13.63327839964508,0.008059494354535,0
204325855,1,0.4843419940147651,0.1392429790877609,1
204327008,1,0.3232091613231558,0.1202639577739325,1
206539783,1,8.668178880026487,0.0110663239803409,0
207085748,1,0.3623788983751648,0.1110737287723969,1
207091008,1,0.2460469062612247,0.1695565645036377,1
207174531,1,0.6250975338682568,0.1633877626008011,1
240764987,1,1.0272832477372278,0.0862247309337205,1
251829135,1,0.2686420528682191,0.0870483829769165,1
251857120,1,0.5053431329145622,0.1587409522090018,1
254298146,1,0.3879394757567539,0.1636601455890749,1
281728276,1,0.2733183756534103,0.0719752867464466,1
313934040,1,3.1467896194579983,0.1373719486036883,1
340704073,1,0.3136675155239641,0.1629104698749601,1
340782794,1,0.3799152369193763,0.0922168846749448,1
349519544,1,18.75378862920345,0.0865524307165033,1
369586828,1,0.0820143914143444,0.1324146855337737,1
372816629,1,0.9090879957341724,0.0689429409994696,1
382425148,1,0.3650911211233549,0.1473966940144269,1
393943031,1,0.4497978164612527,0.1483508986675185,1
399577123,1,0.3119792708713085,0.099035230755863,1
402130407,1,0.2991372759800232,0.0660921349986758,1
402319281,1,0.3098470324726012,0.0995789238275652,1
402324760,1,0.36141237023264,0.1085207928942449,1
402339590,1,6.626220329353992,0.1116198540163522,1
415969184,1,0.9475646372512287,0.1655727599388378,1
425864141,1,0.2183844968551465,0.085533518995268,1
434097226,1,0.4455874167017206,0.1846579941165065,1
434106760,1,0.2806311577406243,0.1927818585932929,1
11487334,1,0.3840273021513814,0.1601916381956959,1
11546041,1,0.4068856413193077,0.1623232414941955,1
11598102,1,0.422905805191029,0.1071004540146752,1
29848012,1,0.3491736515768954,0.1360993987804679,1
32268776,1,0.4762140509588601,0.0940738721722538,1
32284829,1,0.4642527680160407,0.1429577064803825,1
32551761,1,1.0850104286518456,0.205368828128285,1
33576348,1,0.443833167495063,0.1563714161774485,1
49558810,1,6.7093593669441365,0.0169914746831381,0
114500611,1,0.4887741430049138,0.1845989582733127,1
123337161,1,0.3681650964521787,0.1133724856218918,1
140493525,1,0.3089661715129614,0.1655491278699166,1
146637697,1,0.2717596181766284,0.1688042263840107,1
146712645,1,1.5214640350280515,0.0333280135191718,0
160196709,1,0.3066133588142014,0.1016789138723043,1
164720673,1,0.3659914847086712,0.1703929124028818,1
164775666,1,0.3168471059631935,0.0947049673134222,1
212377300,1,0.2830396496021812,0.1386942333802414,1
215258019,1,0.4632299645251848,0.10670545457182,1
229143092,1,0.3510340362337016,0.258048340364824,1
241393039,1,0.3711218341269031,0.1560381243239444,1
241578867,1,0.3441001367424374,0.1014717696315345,1
248348545,1,0.1946038887266475,0.1956330936874647,1
266769521,1,0.5361672424030113,0.1297195213422159,1
266769522,1,0.5361589921344463,0.1360756495893953,1
266816672,1,0.3031493112996212,0.0849552422283971,1
268652258,1,0.2564873927594894,0.0879396659256797,1
268686000,1,0.4454121705933826,0.1038731727820009,1
268686130,1,0.4667023479395221,0.1970707586635007,1
268766053,1,6.619682602317674,0.0129071732966481,0
269505148,1,0.5224014543704143,0.1394064193425856,1
287174076,1,0.3247485407401467,0.1334951771158347,1
293619461,1,0.310654977015506,0.1600328102341235,1
299199358,1,3.840084575245892,0.0504490425806016,0
398673007,1,0.5432683918133355,0.1090243928803275,1
423358373,1,0.4282947073182604,0.1311395840430285,1
439458951,1,0.3111497675222258,0.1659822771813037,1
1045298,1,1.4634138874054945,0.1480897458425653,1
7724421,1,0.6405998048922625,0.1673809630447713,1
9845586,1,0.3601126422259429,0.1031944325286441,1
9945183,1,1.5575894779567077,0.1083181667181943,1
12632044,1,0.201630783968138,0.2996107397262513,1
23139612,1,0.4113066591097207,0.1089003456601027,1
23221002,1,0.445287929796645,0.088275412724637,1
25195864,1,0.7435968464956195,0.0957873621509836,1
30028394,1,0.4571032361669555,0.1998043508556187,1
35744707,1,0.3464465035756212,0.0804999558133363,1
36729364,1,0.3274820166082138,0.1652441229435142,1
36883123,1,0.3352717948855966,0.1299614764808057,1
38399380,1,0.5680974094424619,0.0861503068917084,1
38541473,1,6.061345063066247,0.0155864948319609,0
44737596,1,2.7886704961784847,0.0232321689658085,0
44790502,1,0.6384866493040786,0.1795045544445048,1
44797681,1,0.4009503236273083,0.2619002766097611,1
49799894,1,0.2709015243927765,0.2703257868044072,1
65348716,1,0.4948548503137315,0.2185438230018811,1
66573768,1,1.6531690411907631,0.1270357378353044,1
89239251,1,0.3144381175777233,0.1348850286872231,1
92234970,1,0.7719217460145734,0.1558750471224297,1
98828631,1,1.0156880698013278,0.1322202082338247,1
101070833,1,0.8276644021265974,0.1666375587115469,1
120956236,1,0.3270846702699599,0.162987381180932,1
121009628,1,0.2820421442446918,0.0882295958772291,1
121092386,1,0.4215598573493054,0.1856687191756622,1
121134517,1,0.3351707030039208,0.1274546128878407,1
129810365,1,0.2923476147051668,0.1336870306283417,1
129888462,1,0.7224240855737314,0.1406806160955319,1
141126559,1,0.7766603473490354,0.1857833367835205,1
141332108,1,0.3816201976376356,0.1033616267966878,1
152507230,1,0.3116403239092814,0.1081277508401242,1
152592870,1,0.5138514403126042,0.1679066675518503,1
153834085,1,6.1584435369403385,0.0273862766707906,0
156215585,1,2.9597294208732268,0.1048866672704184,1
159950145,1,0.3950963375521645,0.0778499575647821,1
168674931,1,0.9013817067724956,0.1370974472317767,1
168675489,1,0.4606648631777418,0.15259030761091,1
168697816,1,0.6921085680472506,0.1481958956978828,1
168851294,1,0.6431832105965654,0.1755248357175659,1
170637811,1,3.064348631527781,0.1448115394960748,1
170676440,1,0.6341928482900951,0.1839299135534362,1
178284730,1,2.2359827876619187,0.0245194813910997,0
179244391,1,0.2854639225338884,0.0725567032716084,1
197933923,1,0.4901066659182295,0.1099195560541921,1
198008281,1,0.1315586891148137,0.1567910964940069,1
219145901,1,0.272938579918743,0.2597910202123333,1
219176881,1,0.4636711226792908,0.1636906429673347,1
219346326,1,0.4257388787921715,0.0969236813083979,1
220042007,1,1.8381160501433207,0.1292133467048641,1
220420534,1,1.8360895264044843,0.1042704990167678,1
250386181,1,1.470347287600578,0.0425816693651875,0
251078096,1,0.5846353866804117,0.1612853838059644,1
251094451,1,0.3631135744511313,0.1167987318200161,1
256775514,1,0.2976541134812318,0.1047552981183312,1
257525627,1,0.4566193432124908,0.1363794326702847,1
257567854,1,3.5334302826069184,0.0381454389936092,0
260370454,1,0.7951027463466592,0.1337602419450669,1
270371961,1,2.368189111739364,0.0526233839943783,0
274039489,1,0.3052864699482189,0.0487253180885929,0
274088422,1,0.3414905304559233,0.172658372721378,1
277104322,1,0.2821634446581234,0.2313572206960628,1
279224984,1,1.0642166811540907,0.149332546255908,1
279401848,1,0.3521565339712835,0.0842659982672373,1
279484342,1,0.6322015830954618,0.1612355396084076,1
318868129,1,0.3751679426520665,0.1281206054511561,1
318966048,1,0.2306676092914874,0.1205831514166565,1
319291434,1,0.3512604574036345,0.1691397626286426,1
322512913,1,0.4588607622084256,0.1006528452471277,1
326242641,1,0.1824644753217691,0.2118225554785896,1
332910947,1,0.914433955955278,0.136338190435325,1
332910986,1,0.6434649529478449,0.1309111512124213,1
347552724,1,0.5360809018205007,0.1428300540078002,1
365301387,1,0.2753562915288524,0.1558022403460777,1
369362290,1,2.112387866638065,0.1313678587747616,1
387463207,1,0.3799213406238428,0.1120821178744126,1
387513120,1,0.3036331521520092,0.130545488164378,1
387513384,1,0.2974686359567365,0.1046002746323884,1
387586260,1,0.8804670114755386,0.1069479994454898,1
419994778,1,0.4306793960480503,0.1160405223914983,1
422914426,1,0.5494177900852245,0.1853264007673676,1
423387084,1,0.7408448274158208,0.1766255201339925,1
423439467,1,3.4172793715586964,0.114679565628081,1
423833748,1,0.4269437559892146,0.1538491329040581,1
441128066,1,0.4407791164006591,0.0996155831943754,1
445924091,1,0.4639754289409603,0.1571695197300553,1
627436,1,0.5789057862422816,0.1301047248793705,1
737546,1,3.067745211180005,0.1137066509112386,1
1449640,1,3.501794812080423,0.0412398184309136,0
1450518,1,0.3337473920234986,0.1434807530770246,1
9172417,1,0.2451915077576635,0.088825200794854,1
11002748,1,0.7787150087810764,0.1543833122695164,1
13062255,1,1.6512129801077522,0.1199589283794435,1
13070701,1,0.4140761278485774,0.2279622508407313,1
13135572,1,0.3983886112309989,0.0879026581670479,1
13345143,1,0.6723508287975608,0.1384550883623783,1
14091704,1,0.7650591136056614,0.064703767761629,0
21729403,1,0.4053459927560826,0.1590754184330033,1
24586751,1,0.5128316466567187,0.1607207880999309,1
24606516,1,0.4019809048247687,0.1325083798174294,1
31118189,1,0.2757729611604654,0.1144646117993712,1
32543789,1,0.3191195794310549,0.1662381020979049,1
34107676,1,0.3401500190766141,0.1729779980467423,1
34145330,1,0.6404922204588317,0.1442409750299196,1
38589392,1,0.3777198381440396,0.0935461065742777,1
38687360,1,0.508017702753351,0.1519189447305674,1
43533897,1,0.3133684954410238,0.1302122189559587,1
43712632,1,0.9264965849670722,0.1483372076251983,1
43846099,1,0.4234074328199596,0.1118387548029041,1
43864479,1,0.5944451773288487,0.1490984799108878,1
55896456,1,0.4647736714606546,0.1122099390072716,1
56001210,1,0.1893725323067729,0.1901297766096901,1
59038877,1,0.3053690992411255,0.0873070247393423,1
59038880,1,0.3053725102590005,0.0848686193266405,1
59091000,1,14.78942905274741,0.0213314227062058,0
67686223,1,0.4169261253849755,0.1464130443242083,1
67686556,1,0.3215666466106011,0.0849343370208559,1
67687692,1,0.6641719841915276,0.1425785737079239,1
67807856,1,3.37334430174429,0.0899286067794277,1
67808952,1,0.3279028567224197,0.1373866924695139,1
71026173,1,0.6795060815730749,0.1424334759113366,1
71107089,1,0.3576366408736311,0.107248546485956,1
77703308,1,0.7462729253684295,0.0982952677612428,1
78055054,1,4.388745398893889,0.0253730554827066,0
92938279,1,0.2750419065998294,0.1245725626939909,1
92938280,1,0.2750373703229838,0.1067075741718042,1
93053299,1,0.4110904781615996,0.1678170887360474,1
115046240,1,0.3458225279470513,0.1539485101336404,1
117978580,1,0.527263112175959,0.1255663276221632,1
121568625,1,8.465204761729826,0.0279270423839606,0
139703005,1,0.3319239999273081,0.0891991484598829,1
139732428,1,6.663726681381784,0.0386220113429955,0
140209204,1,2.752068226234728,0.0827868776514728,1
143350469,1,0.6608393097704018,0.1119088699940107,1
146520491,1,0.4486454805597482,0.1476833940219891,1
146557531,1,0.2708486842128627,0.1524695997276419,1
150443185,1,2.593647579990572,0.0891928993952176,1
151587650,1,4.9516488890497525,0.2848581842046743,1
152362660,1,0.3958654504649213,0.150772165709888,1
161570793,1,0.2762363733381238,0.0750419084975164,1
165186801,1,1.049570676659096,0.1266257350884251,1
167673754,1,0.56519302943899,0.1872863045074654,1
169532369,1,7.210003160865137,0.0188686769183168,0
169532543,1,0.9154337097639648,0.1595132373325434,1
178857934,1,1.4265940648219575,0.0940615275239477,1
178938437,1,0.6235870834626358,0.1012363085119161,1
188989177,1,1.1741025061147412,0.0571340726581001,0
213046690,1,0.2258436686482749,0.1037941976814189,1
213067604,1,0.3219871595621571,0.1358255783348347,1
219164808,1,3.3546037369747697,0.0307609874926134,0
219203188,1,0.231936193099817,0.1704992679009072,1
229082842,1,0.3762034677841784,0.1454760398360697,1
231922417,1,0.6872143901859363,0.1490462820541188,1
231922739,1,0.35655346318798,0.085361199748063,1
238917338,1,4.075837304280535,0.1303580759734175,1
242944454,1,0.4048723678746542,0.1178399556500808,1
244207973,1,0.6140578327368225,0.1327167057075167,1
244208023,1,1.8227783488347096,0.1358359200155058,1
244250449,1,1.7460727390272552,0.1180702341290647,1
248394273,1,0.1485855039309832,0.2404480112678065,1
248399337,1,0.4319150938632147,0.2078293278144803,1
248410138,1,0.8219642429209305,0.1910160708401789,1
250195155,1,6.4763980225556175,0.0377738163403005,0
262412046,1,2.0433616502485177,0.1296107067769326,1
262434790,1,0.3143965270694906,0.17053909020945,1
262465161,1,0.9509324765001248,0.1551507117811967,1
269077015,1,4.143788253270311,0.1155930298812653,1
269078565,1,2.4555486476932025,0.1063755847995916,1
303682287,1,2.108454736808615,0.1624130839963875,1
311183180,1,13.249812127315462,0.0090932573232637,0
345451479,1,0.4430220826980887,0.0700736862372644,1
373414766,1,0.6851177952877929,0.116434037706798,1
374828411,1,0.2828824395817975,0.2057921130055333,1
396953669,1,0.3327632643065315,0.1331562416944992,1
396954096,1,0.3026573132784054,0.2492230721887384,1
397048159,1,1.6054835716012337,0.1109373068353934,1
399814051,1,1.1024379789903458,0.1130868731386712,1
401925979,1,0.4801571048881171,0.1681720690131659,1
401928563,1,0.3625976310098338,0.1843779461048086,1
404854539,1,0.3622144224310009,0.1509244122191914,1
408256672,1,0.2548968178770391,0.0903426762436127,1
420962954,1,0.9970005566159325,0.1537000901271052,1
436592342,1,4.4219884426692095,0.0460252133828484,0
436660156,1,0.4150277832007902,0.1279025382422054,1
445932196,1,0.5654404083748791,0.095770187492314,1
450089997,1,2.46178753141324,0.1338761376437378,1
450104319,1,1.5105707728911406,0.0661708820138231,1
450109281,1,10.890181631807884,0.0989214853115634,1
452786194,1,1.019889159780545,0.0928170125776268,1
453831755,1,20.207712089393016,0.2256063558372457,0
454190342,1,0.332611831816515,0.115639726600469,1
454222105,1,0.6327928791663338,0.1157684336142328,1
455064763,1,0.2957063727122396,0.1840572330133251,1
457173024,1,0.7989162262819726,0.1488316343214023,1
464806209,1,18.952871135330128,0.0858575455195729,1
7418947,1,1.0078080046891953,0.1374268790359628,1
33521996,1,3.3252654188358344,0.0199746426496688,0
34082428,1,0.4338925373176402,0.0565430630378219,1
36352297,1,3.017935507050727,0.0303358682348421,0
46313508,1,1.0328804074664732,0.0860053654695016,1
47911178,1,3.585702057692308,0.032373968755506,0
49547177,1,0.6169876094643915,0.1682144987853272,1
50743469,1,5.73440941889529,0.115730432023418,1
50897998,1,1.4853748637116748,0.1395585368104053,1
52280468,1,1.1365198292446674,0.0351512613429284,0
53603189,1,0.4186371484961164,0.1704404566327848,1
61351519,1,0.2048656676661284,0.1310888502729037,1
66563761,1,3.40575624527492,0.098982092503259,1
78817217,1,17.77752767111915,0.018344666696198,0
144700903,1,2.323778702443576,0.0239774648415834,0
147314529,1,0.925605935221542,0.1071778283039119,1
148274098,1,4.053249685704203,0.1197250326676092,1
149603524,1,8.823881971904914,0.0168377434907367,0
172464366,1,2.92155365995982,0.0373515864791811,0
234840976,1,2.4085455103066367,0.0908449656472001,1
235385233,1,0.4096560389101614,0.0925973112912809,1
265614546,1,5.137673001821123,0.0223935264520442,0
299903137,1,18.30012287893673,0.0174219730561578,0
306362738,1,5.5634777730294696,0.0125153545336013,0
309908721,1,2.833835139492436,0.0845782381345832,1
333247721,1,4.1739303861338914,0.0425444703410236,0
350618622,1,52.97845421154697,0.0034489166774547,0
393414358,1,8.756183851946544,0.0211349196001239,0
427348923,1,9.457032194324713,0.0456255771791065,0
438490744,1,1.6661120013545658,0.0988209024668396,0
32008233,1,0.1416123168892444,0.1284943217988077,1
88977253,1,2.7679934188956143,0.0252843172779001,0
125267683,1,1.610229494458316,0.1402150263531549,1
140661916,1,0.5219397127373945,0.1116630138383305,1
143669444,1,1.1038822797790977,0.2365831671683788,1
169168102,1,2.4996012394064184,0.0624717879116524,0
176874060,1,8.725000348884924,0.0284023981448848,0
255586667,1,0.4064729084559016,0.1265932188870906,1
265015162,1,0.3278391235260849,0.2104138122324945,1
265139391,1,3.587297854268405,0.0972553549092837,1
268772301,1,1.4214705431431938,0.1489950594315746,1
271799672,1,0.3282682859798849,0.2212724279467175,1
279481568,1,0.3165456029097852,0.1735872269107107,1
294396726,1,0.899504413559785,0.162050214854511,1
318937509,1,1.0505728964442855,0.0296043867174159,0
320536498,1,0.4106312918436643,0.1802667021703735,1
332202405,1,4.7492495571828375,0.053559708193368,0
405034090,1,0.7295016656941861,0.2383844158323996,1
425206121,1,4.611213962654251,0.0448294876325767,0
440777904,1,3.3565037176111923,0.0417899958783459,0
452955107,1,0.3879921767891434,0.1105464151503214,1
455206965,1,0.0962362273617968,0.1135889179850184,1
1103432,1,3.726048366266887,0.0357742148461014,0
1230647,1,1.1897402799655612,0.0458137559354699,1
13349647,1,1.5370593775574068,0.0490483494546856,0
24733359,1,0.3785419120915904,0.1724002636309378,1
25156751,1,1.7431150976745802,0.1036240960839098,0
26273760,1,4.557466960883821,0.0327528512744624,0
37435039,1,3.1985692056111183,0.0998611575854399,0
53292822,1,3.2898895820650984,0.1026061273096947,1
54957535,1,0.7928444014330078,0.1359259222197547,1
55727842,1,16.46986733706801,0.2129677738923741,0
60657338,1,0.2996868706428081,0.2718386196387078,1
60658382,1,7.750481912437578,0.0292701922073879,0
62573638,1,4.716015154449113,0.0361667260034888,0
77630842,1,0.2698740765973864,0.0882033918606545,1
82362447,1,2.8236737418690168,0.0811693526064388,0
123222370,1,8.967162064732296,0.0069115177744706,0
133105082,1,0.4463651318824881,0.1751623743898391,1
144804862,1,2.384849557276196,0.1482311660502278,1
180730928,1,1.1349354061953252,0.1366707877245515,1
183469904,1,3.5114993508687764,0.1142273386295206,1
184176428,1,0.7468293375984371,0.1598487325909239,1
255682622,1,0.3215755705708705,0.1812489420190881,1
265353588,1,2.2270091219737846,0.1106315976381814,1
271924412,1,4.150612835512883,0.0480448587218439,0
283308831,1,3.0336765178995995,0.0400671738326509,0
293605127,1,0.1207861598141108,0.1234387644860871,1
296780789,1,13.577353283338606,0.0042899652792893,0
347448707,1,2.199627112325917,0.2253910174412162,1
348759511,1,3.7160693691757407,0.0211267336717875,0
401309413,1,7.953722438170281,0.0179151073134131,0
408310006,1,5.443506306729167,0.0253539554906226,0
409900613,1,2.206379611287524,0.0189204422303821,0
413162396,1,2.672963252587481,0.0404478464334037,0
423275733,1,2.052176908797472,0.047427469546551,0
29684896,1,1.6053783956913743,0.1426334121528066,0
35516889,1,0.7888384617366633,0.0763611047963316,1
55092869,1,4.738094821278944,0.059456001039142,0
105802318,1,0.2781130852218784,0.2229340416036881,1
190390679,1,6.051534429248629,0.136538784913227,1
190990336,1,11.096897083753417,0.0157888679886402,0
308050066,1,11.175563347109737,0.0192270451669291,0
382631664,1,0.3324723075729194,0.0979429144024256,1
437242640,1,8.635379439606924,0.0095602799546164,0
5969274,1,1.0579672368047854,0.1097697197740159,1
14614418,1,0.8379827186051012,0.0933214872087619,1
14679411,1,6.049950158804719,0.0309975829088807,0
15445551,1,1.682791709385995,0.0678513132441299,1
92995573,1,16.535555055044178,0.0114931363533056,0
103683084,1,3.056994756909973,0.0316603637043321,0
280206394,1,11.236623197551276,0.0080822855708663,0
306900161,1,3.5628964709973387,0.0325242368254695,0
370960295,1,1.0940820733725674,0.2091818814550826,1
391051349,1,6.0038847181812365,0.1561731510966433,1
413376180,1,2.7088406681525448,0.0681164001466457,0
48184317,1,0.2379106053819385,0.0871620218885388,0
36594985,1,0.9879676497024512,0.0702049711138822,1
124369049,1,0.2917353535127721,0.0902841562665892,1
167570131,1,2.639568616539658,0.1585859915791991,1
119159743,1,0.4119512464853116,0.2092891647444779,1
269450900,1,4.650185750788673,0.0416942425734233,0
456517808,1,0.8765077479697705,0.2001500325138674,1
122682776,1,2.8579767730896206,0.0433288207520213,0
123201494,1,0.2868434323246806,0.2651098331383101,1
137549183,1,10.265957270371366,0.0190300430426976,0
164782264,1,0.4439890549584868,0.1082202547541159,1
164883253,1,0.3152042983983849,0.0722868181084543,1
232967440,1,7.0643648036222295,0.013978262137584,0
467187065,1,0.0641621898449037,0.1389910237927999,0
136656542,1,0.6524069752307572,0.1416995168635639,1
236445129,1,0.9690268869195232,0.0944264481085329,1
274762761,1,1.0333693886645392,0.125971331251173,0
1957912171,1,0.1185566235480102,0.0938972860908781,0
129455317,1,0.3207264964375506,0.0635655914796526,1
173710176,1,1.6188465716633198,0.1557992327015952,1
469924870,1,3.0725582006080674,0.2171833583538611,1
5674169,1,0.3182028114730066,0.1370292380383391,1
129979528,1,1.2201060239715884,0.0915656196341327,1
138017750,1,2.4765254673212582,0.0414898572367139,1
229741985,1,0.1739312787308963,0.1904916219786807,1
264615805,1,0.1201045041826469,0.1119739170337477,1
292321872,1,8.664928205739058,0.0284223683303002,0
326815804,1,1.0428095410985871,0.1154418405751011,1
396339551,1,0.251566672143366,0.2155265443195502,1
156414921,1,0.7158578616793221,0.1174983814577098,1
266958963,1,2.3628170798169057,0.0190273244555315,0
428534573,1,0.3765312794906001,0.1693019988334604,1
4247738,1,1.3022556514101866,0.0408017372805271,0
39011225,1,2.6281619867090456,0.0464995352244932,0
252949892,1,0.255383104948263,0.0910722754413068,0
356473029,1,2.6153632133766007,0.0382562492775258,0
67646988,1,1.8817456510334425,0.0271527296400289,0
100100829,1,0.9419795201179174,0.0170843100240873,0
72588909,1,0.5731825374581102,0.2571891006392872,1
350716073,1,0.3931603416665262,0.1772041505517276,1
53842685,1,0.3738842443673257,0.1940601917899505,1
306578324,1,1.2947788515737906,0.2419533869530928,1
201796819,1,0.2853729364703659,0.2077614476970263,1
224283342,1,0.8874258347317439,0.1244345312965179,1
4206238,1,14.974107488702057,0.0413427099384678,0
181463644,1,2.7273558254436545,0.2131097310603701,1
149837469,1,0.3855918051628134,0.1469722694450767,1
369639876,1,0.2894612611630596,0.0676958668060656,1
129781743,1,0.4024899998847678,0.0601163010482885,1
164776925,1,0.3407947443556267,0.1013092694984956,1
1129452,1,0.714017093784729,0.2702607938518188,1
120585579,1,6.341098484886213,0.0258776652455134,0
170729895,1,1.4907993181931305,0.2732692513823861,1
200282468,1,0.8520160817594185,0.2326801145149626,1
219423316,1,1.1968782577606198,0.2612572628291798,1
65479458,1,3.1962242443400086,0.2997616826856585,1
66646031,1,4.47806990742333,0.2534377091199189,1
77031414,1,1.3866543551859836,0.0742665219849075,1
89502706,1,0.4794193402752553,0.2895902109541517,1
98777963,1,0.8447668519546712,0.1284097782598994,1
121714982,1,0.8601618628458199,0.2440176345443497,1
139419658,1,1.8467986618946504,0.1834395606691804,1
140288359,1,2.766133115645609,0.2467558758577088,1
151516273,1,1.1780815347482514,0.2836125452412492,1
20072363,1,0.5160955456127037,0.2738072160661049,1
21442712,1,0.3495389941181931,0.2072303248151423,1
245950209,1,0.9931780910501256,0.2542776856433684,1
284703623,1,0.3879462870906282,0.157720105025796,1
284863911,1,0.3427998770929664,0.1815676587101337,1
34236395,1,0.8793064027285981,0.0896881241179885,1
345482340,1,0.3650700486440907,0.1517175523489355,1
345535359,1,0.4247953787782162,0.1709010694200715,1
38021254,1,0.5126235399964416,0.2464607438655741,1
401946845,1,0.4907309357964899,0.1557668759890828,1
457172621,1,0.4518857269665097,0.1992733980995367,1
459971813,1,0.3767229620423816,0.1782262014013558,1
123625970,1,0.3171271639960525,0.2317106248072462,1
264594607,1,0.8168185188355952,0.1294325635834301,1
333620087,1,0.3793247599433103,0.1043992012077137,1
42827646,1,0.6780302430559821,0.3447942107486532,1
443171652,1,6.627652959654528,0.0215518640736179,0
79635841,1,0.4654715951288172,0.15398352597242,1
307490686,1,1.9587305237581545,0.1468408677379439,0
413395842,1,0.8970931710022518,0.2716121780876557,1
92902907,1,2.2467103512132525,0.1581538548744564,0
137151074,1,0.3536261963180379,0.2672887846645364,1
273782052,1,2.579067786785958,0.24259506044405,1
273865522,1,0.7886030385553888,0.2518229552874088,1
29706981,1,0.5228846546208449,0.2558072427981545,1
314294022,1,0.6222626691647801,0.2642821890343544,1
405687343,1,0.533073532111943,0.3608089443199135,1
41431247,1,1.0199008900905533,0.2585851921965112,1
13684720,1,12.437814754527786,0.0051116128067096,0
350131674,1,2.6454301285658035,0.0996388950783739,1
44222598,1,2.161864711447295,0.32692078651565,1
432549364,1,1.2175103215840577,0.0875712670287187,1
453152562,1,16.033288969783786,0.0240645051754073,0
307734817,1,2.108017329160571,0.0254043125201445,0
98337456,1,11.615961922327289,0.0072625140540508,0
156380098,1,0.3454377530144087,0.231043080504615,1
373693175,1,1.3275163313660034,0.0632000150772714,1
25155310,1,3.2887909850233688,0.0413522787258124,0
25375553,1,2.310965515048271,0.0547340207704614,0
92352621,1,7.896393888086553,0.0214454783046318,0
38846515,1,2.849383919313233,0.0205198491900259,0
76923707,1,4.5304746003079615,0.0193422373134888,0
76989773,1,3.538354142080109,0.0150749854049179,0
149010208,1,3.4372910628074336,0.0403758667353828,0
160148385,1,6.850510394571474,0.0135413762234473,0
382474101,1,2.651992427456542,0.0561429343114529,0
12862119,1,11.207743808500885,0.0138098838229842,0
1129033,1,1.360099597478122,0.0599588362550491,0
170634116,1,3.662397057637608,0.0384316259788247,0
328350926,1,1.698140275299567,0.0345878431883074,0
35857242,1,3.6344345464587167,0.0533763497524435,0
382391899,1,1.9550952540011304,0.0325791989365409,0
117979897,1,3.3106801301111384,0.0634960045277714,0
13021029,1,3.8523921918672426,0.0425636497777839,0
43647325,1,6.323131771537106,0.0189951071336313,0
309792357,1,314.616737202224,0.0007607052066039,0
46627823,1,6.0049670024235535,0.0358155032841097,0
11046410,1,8.122621082571444,0.1146652514240429,0
2758565,1,3.768547795319269,0.3005679765732558,1
10467747,1,0.3026196953129559,0.0929521117956075,1
18319090,1,15.425176402985844,0.0064559751484535,0
31743416,1,0.6228886103611401,0.0749964256614685,0
31779608,1,0.5056945717916626,0.0954653453564369,0
31961007,1,4.2537235515375285,0.0331549885289891,0
34142502,1,0.2082083686035857,0.2625667595867613,1
38936062,1,1.854742568757312,0.0301331849548951,0
39046291,1,1.8365858489413849,0.0714274030553062,1
41591173,1,81.05991473285611,0.0022230678983816,0
49899799,1,7.011398455175539,0.0263864740532028,0
53896096,1,0.7410489254598092,0.1194564934370644,1
53993965,1,1.153856243226454,0.0443780028865692,0
55746262,1,3.5598045760405768,0.3108917504942665,1
70914192,1,0.6095223050342884,0.0725262577637991,0
75377304,1,0.4026334453477119,0.1557055027183406,1
77031413,1,1.3866799454567886,0.0675339800573855,0
79328890,1,0.7440358909315051,0.0849390107427563,1
79492099,1,4.603492404616285,0.0344032911924939,0
92350408,1,2.9574263862022727,0.02482709607609,0
92359850,1,4.149958504615307,0.0493703035401341,0
99086567,1,11.845731998559506,0.3843428982435398,0
99931724,1,0.8079014686769536,0.0923895807602961,0
115244268,1,2.0089278755640687,0.0464802061155755,0
115771549,1,9.435472001513226,0.0230366526434849,0
117516791,1,19.45012623216858,0.005998799537158,0
118586896,1,12.113629887944276,0.1064274243715576,0
119327278,1,1.084594392698733,0.1328260909275482,1
120490566,1,0.6541021078341933,0.0332224589883636,0
122707747,1,10.166223010258156,0.0376695691259304,0
139349813,1,8.99966069480882,0.0122681644278163,0
139468902,1,0.4547342183426449,0.2670201151403719,1
140830390,1,12.83820579360878,0.0299364046392816,0
140867345,1,12.020716747751232,0.1252295896148471,0
143100813,1,0.3877488034064627,0.130022063884118,1
143848624,1,5.432049729192225,0.0539492410643309,0
144336221,1,1.9711675352062712,0.0327275656185988,1
147406559,1,21.62196028818791,0.0051314878722148,0
150390189,1,1.2694630997530008,0.0854803995316048,0
151681127,1,10.198724062846583,0.0194653636483629,0
153077619,1,16.353676408428196,0.2160406213741502,0
159638876,1,2.3988602505477967,0.0949160405081562,1
166421485,1,15.015979016429124,0.0080623839949369,0
166606391,1,0.7673139167382708,0.0413180074327482,0
167208380,1,18.31955551858602,0.0113091205269163,0
176797815,1,1.3597944755607545,0.0374556754090564,1
177350401,1,12.075345387173789,0.0106561993745689,0
179308939,1,1.883893783620528,0.1165952315033209,1
193822785,1,0.9667582831012496,0.0545560155929569,0
201233610,1,21.057846590183942,0.0081387609060261,0
202134374,1,3.037802313814592,0.050158527179862,0
206439308,1,5.52700874040445,0.0247990452240677,0
206537272,1,0.4893305953028953,0.0934683006872881,1
207081058,1,14.776821297751196,0.0135507625186841,0
209313886,1,1.2912873319466376,0.0358537615083679,0
229675762,1,1.4471415733313653,0.0245059701548479,0
231833204,1,0.2089770075287983,0.1618630930309283,1
234290005,1,6.329263779177609,0.0396726328578876,0
238872494,1,1.0589855680917666,0.0544175363102291,0
253929719,1,6.686870538227201,0.0333698267361913,0
257648522,1,2.694729898696993,0.0332011457875099,0
258918835,1,5.9864612494148775,0.020265411513996,0
260003467,1,2.6044827259655543,0.0276227105435379,0
260269456,1,10.79635461571742,0.0194173669905106,0
260353841,1,0.4202732393973343,0.1723323586356107,1
262020326,1,3.213929274664967,0.0574298624260306,1
262530873,1,2.2406279768729616,0.0733610289427545,0
263078716,1,2.9110170036256218,0.0375872622364679,0
270219706,1,0.5130980081175672,0.0962831209675765,0
270421262,1,4.942808667555067,0.0395882823988884,0
271058763,1,0.1854963175205222,0.2036582177006362,1
271799457,1,1.9084725464452008,0.0746185269585578,0
273571987,1,0.7514777343607729,0.0553870595897851,0
277069829,1,2.026009106314584,0.0338073128006146,1
277683130,1,6.198234770525351,0.0116446992658221,0
278829112,1,0.2457784672136559,0.1106375269026263,1
279855551,1,3.6873415031888266,0.0165356247965415,0
280794372,1,0.6877682583446866,0.0630021925436248,0
281666783,1,8.513742666231797,0.0205293961387944,0
291116020,1,14.464103746036091,0.0187610736495165,0
293844307,1,14.943076509920148,0.3868976579258506,1
296012680,1,1.0867381387230035,0.090173296877252,0
296084068,1,20.48121546614057,0.004931961176451,0
300141210,1,1.9272489385296965,0.3215255736427846,1
306828113,1,0.4252818791984827,0.0827976110376459,0
307084982,1,19.26868754199244,0.0080541836172159,0
307435285,1,1.9585345182881009,0.1303155360387998,1
308091162,1,3.354570220039189,0.0503226919725152,0
314826949,1,2.0377413165896376,0.0478135894580622,0
320913313,1,5.468788554383996,0.0249155974661799,0
325412896,1,0.7386687077192928,0.1442490646228825,1
348762908,1,2.0442293984937314,0.0670875179153663,0
349444267,1,7.456252140888361,0.0117897147748292,0
358049707,1,0.9131123068860276,0.0539920329459884,0
362103921,1,10.09542088898042,0.2884644771763002,1
364398410,1,1.5874945600936337,0.0969770057784452,1
369988687,1,2.406082009262785,0.0333675375440055,0
373915220,1,6.470680746210331,0.0232315208115633,0
381856446,1,1.7690584718758344,0.0196173611041962,0
406631696,1,1.5120522956055686,0.1402008267824476,0
410154584,1,2.496990765996062,0.0347645258023797,0
441387582,1,2.5479524430677394,0.0366144454287561,0
1992266045,1,6.61773626676976,0.0316777909221029,0
394596952,1,0.2838156306662636,0.2455089968325599,1
9070070,1,0.4814247408611078,0.1449608343579036,1
404460906,1,0.5866366733175098,0.2366480158875441,1
409942986,1,0.5592580312430168,0.2281897610072772,1
308018120,1,0.1905198068263454,0.1910227200346563,1
458259927,1,4.584043248264892,0.1343115624023485,1
138726174,1,3.5077252615820136,0.4073679408741721,1
122303843,1,2.10014737097006,0.286662181014034,1
122712115,1,0.7314944118612351,0.2614339322082395,1
158726046,1,0.8269418195229459,0.2189395631640713,1
28230919,1,4.8880423842261385,0.0190915138258239,0
269697721,1,0.1371699850244929,0.3730271895595647,1
415165528,1,3.6099000849631606,0.3177358393710934,1
444062991,1,1.317674196605267,0.2574472888917953,1
141179506,1,0.3791582165505856,0.2389416024433792,1
17539192,1,0.5318301126871571,0.153434981863438,1
17562290,1,0.308186797477444,0.1524197009061675,1
255907472,1,0.3370432588773278,0.0952399406011195,1
310519261,1,0.3188151362398359,0.1396532390825289,1
458490358,1,0.3806750006593381,0.1564631910557692,1
8673277,1,0.4211696761946948,0.1193256114465043,1
236313673,1,0.4954295764249734,0.108532422973425,1
236327696,1,0.5888841440532425,0.1349752856986757,1
236338880,1,0.5308225184870441,0.1205364475282405,1
356001283,1,0.2687246551370458,0.0892250785349259,1
198410119,1,0.293898385524071,0.2392368940515623,1
159939533,1,0.2822546213980697,0.1719715527267959,1
193553960,1,0.4140905357840708,0.092666320993718,1
198560607,1,0.370146884210812,0.1030303985310737,1
274676647,1,0.3543320052410279,0.163943380445634,1
57229962,1,0.4237741287954402,0.1351973188618714,1
424723563,1,0.3697875157085903,0.1711435128068413,1
236884425,1,0.1939254892859686,0.258292159815081,1
376162807,1,5.100249810313593,0.1210036462903269,1
10393493,1,0.3604604362195877,0.1106869965864715,1
18269802,1,0.3431555427127464,0.0851645950285657,1
18271803,1,0.8180907185512566,0.1370074293789583,1
18433724,1,0.4076032668756649,0.1381770449603232,1
18534775,1,0.3358640892246474,0.1153905002300422,1
18636142,1,0.4315180638526671,0.1904349079159892,1
257273424,1,0.3985663213443579,0.1091955521360326,1
286338346,1,0.3732684429187489,0.0906448071231331,1
286380389,1,1.2752055258941557,0.1004707929335396,1
298498697,1,0.1804253637211982,0.2162094163021806,1
359390362,1,4.725650325890356,0.0953984587668838,0
39576803,1,8.597770022837956,0.034144618148772,0
405543959,1,0.3935660982087349,0.2145278930906462,1
9473243,1,2.2669595434163443,0.1122022969253503,1
9825731,1,0.5907442589585851,0.2656630462079237,1
72839144,1,1.7556961721337618,0.151727782001838,1
8669966,1,3.394454313854502,0.3495477994781032,1
154664604,1,0.4215231142235732,0.1173601136777626,1
165618747,1,0.6481988498159941,0.1613331451092062,1
233043818,1,0.3708288977395111,0.0842668461925451,1
287321618,1,18.436365612536868,0.0116613367624845,0
298541138,1,0.7490566826047045,0.1571612157840948,1
311431771,1,0.3473143662684432,0.2372967569910613,1
356064345,1,4.151333692739089,0.1036564814973354,1
356192212,1,0.7273305980177813,0.1749100604502071,1
21126323,1,1.841617117892896,0.1019885903295779,1
7854182,1,0.8660210299263076,0.1402366348145369,1
101645013,1,0.4712986820726847,0.1520743490582615,1
101719607,1,1.046132930881016,0.0948126357878568,1
101767283,1,1.8759541938399984,0.1032864694121725,1
115971584,1,0.3469336871231661,0.1527091633779171,1
116161302,1,2.5320807120612407,0.1277928760140004,1
116163356,1,1.1814961288254315,0.1649491296676829,1
157448336,1,0.3371420109426405,0.1111866770055478,1
164375251,1,0.5396175851016962,0.1088641981127501,1
193580427,1,0.3943040063228873,0.1753880937440944,1
193635719,1,0.4866178257848118,0.1818983529233344,1
193728983,1,0.4549953051244236,0.1328804466611352,1
193770329,1,0.3163092866688715,0.1867843091747133,1
193774939,1,1.3057477664299026,0.1276295148955474,1
193823999,1,0.3698730974404837,0.1041261399335895,1
85585153,1,0.497632457026791,0.1674174013482872,1
85600400,1,1.4726271439596337,0.1467972826129623,1
159510983,1,0.3242723650884998,0.1032462477670793,1
302627455,1,0.4332015107653815,0.1270561805538762,1
5205367,1,3.9928126436987217,0.0738326331032972,0
7851729,1,1.2526446377841856,0.1226926724547181,1
122891349,1,0.3302670913668071,0.1543111657184201,1
123038007,1,0.4226879195178799,0.1635730324324753,1
123492200,1,0.4084753491725446,0.2649623110922722,1
135443051,1,0.8793067263080729,0.0788399776772139,1
164558055,1,2.4270020479214685,0.0843831188345161,1
180770456,1,2.8813734990834337,0.1332397920819297,1
285392907,1,8.464757233622452,0.101290121969094,1
288882010,1,2.5924356114566933,0.076589700499199,1
289166536,1,0.4688122765176714,0.1167784460608828,1
289370888,1,0.8607976486236959,0.1194219830043973,1
289379110,1,1.948760398041228,0.1008924190661594,1
298544913,1,2.14470410016062,0.0641691746320867,0
299091036,1,0.9720554417444962,0.0994730344058422,1
316633520,1,4.641981130449592,0.1015585639897419,1
333057755,1,1.6609343784266102,0.0703320283786427,1
336208030,1,0.5776499135158517,0.1065569968950364,1
336485975,1,0.3189230145632933,0.076468992516292,1
342010156,1,7.960527544984784,0.0488064167938201,0
358517121,1,10.549775678657328,0.0323035084509072,0
383722507,1,0.5335879871876251,0.1898355503223424,1
399860444,1,4.9411561418448064,0.0152657762088197,0
424508303,1,2.0833358872101195,0.0783730156113353,1
441764197,1,0.2728818069059837,0.1250039036798735,1
